q_id,q_status,q_date,wd_date,on_date,county_1,type1,type2,type3,mw1,mw2,mw3
1,operational,1996-06-07,,2001-04-06,worcester,Oil,,,0.0,,
2,operational,1996-11-08,,2000-08-18,newport,Gas,,,0.0,,
3,operational,1997-02-13,,,franklin,Oil,,,0.0,,
4,operational,1997-04-10,,1999-08-01,bristol,Gas,,,0.0,,
5,withdrawn,1997-05-09,,,bristol,Unknown,,,0.0,,
6,operational,1997-06-12,,,oxford,Gas,,,0.0,,
7,operational,1997-06-25,,1999-07-24,fairfield,Gas,,,0.0,,
8,operational,1997-07-15,,,norfolk,Gas,,,0.0,,
9,withdrawn,1997-07-22,,,norfolk,Unknown,,,0.0,,
10,operational,1997-07-24,,2000-05-01,penobscot,Gas,,,0.0,,
11,withdrawn,1997-08-05,,,plymouth,Unknown,,,0.0,,
12,operational,1997-08-15,,2000-06-19,hampden,Gas,,,0.0,,
13,operational,1997-08-22,,2001-03-31,hampden,Unknown,,,0.0,,
14,withdrawn,1997-09-30,,,middlesex,Unknown,,,0.0,,
15,withdrawn,1997-10-09,,,fairfield,Unknown,,,0.0,,
16,withdrawn,1997-10-24,,,cumberland,Unknown,,,0.0,,
17,operational,1997-12-12,,2002-09-18,rockingham,Oil,,,0.0,,
18,withdrawn,1998-01-13,,,new london,Unknown,,,0.0,,
19,withdrawn,1998-01-14,,,androscoggin,Unknown,,,0.0,,
20,withdrawn,1998-01-20,,,fairfield,Unknown,,,0.0,,
21,operational,1998-02-11,,,new haven,Gas,,,0.0,,
22,withdrawn,1998-02-16,,,new haven,Unknown,,,0.0,,
24,withdrawn,1998-02-25,,,penobscot,Unknown,,,0.0,,
25,withdrawn,1998-02-27,,,bristol,Unknown,,,0.0,,
26,withdrawn,1998-03-06,,,essex,Unknown,,,0.0,,
27,withdrawn,1998-03-13,,,hartford,Unknown,,,0.0,,
28,withdrawn,1998-03-18,,,rockingham,Unknown,,,0.0,,
29,operational,1998-03-24,,2001-01-01,hancock,Oil,,,0.0,,
30,withdrawn,1998-03-25,,,new london,Unknown,,,0.0,,
31,withdrawn,1998-03-26,,,providence,Unknown,,,0.0,,
32,withdrawn,1998-03-30,,,new haven,Unknown,,,0.0,,
33,operational,1998-03-31,,,middlesex,Unknown,,,0.0,,
34,withdrawn,1998-04-01,,,new london,Unknown,,,0.0,,
35,withdrawn,1998-04-02,,,lincoln,Unknown,,,0.0,,
36,withdrawn,1998-04-14,,,bristol,Unknown,,,0.0,,
37,operational,1998-04-29,,2002-11-05,providence,Gas,,,0.0,,
38,withdrawn,1998-05-08,,,litchfield,Unknown,,,0.0,,
40,withdrawn,1998-06-01,,,plymouth,Unknown,,,0.0,,
41,withdrawn,1998-06-04,,,barnstable,Unknown,,,0.0,,
42,withdrawn,1998-06-05,,,lincoln,Unknown,,,0.0,,
44,withdrawn,1998-07-10,,,plymouth,Unknown,,,0.0,,
45,operational,1998-07-17,,,suffolk,Gas,,,0.0,,
46,withdrawn,1998-08-18,,,plymouth,Unknown,,,0.0,,
47,withdrawn,1998-08-26,,,middlesex,Unknown,,,0.0,,
48,withdrawn,1998-09-09,,,bennington,Unknown,,,0.0,,
50,withdrawn,1998-10-29,,,hampden,Unknown,,,0.0,,
52,withdrawn,1998-11-13,,,middlesex,Unknown,,,0.0,,
54,withdrawn,1999-01-05,,,franklin,Unknown,,,0.0,,
57,withdrawn,1999-06-04,,,new london,Unknown,,,0.0,,
59,withdrawn,1999-08-18,,,new haven,Unknown,,,0.0,,
64,operational,1999-11-08,,2002-06-07,hampden,Gas,,,0.0,,
66,withdrawn,1999-12-20,,,franklin,Unknown,,,0.0,,
67,withdrawn,2000-02-25,,,middlesex,Unknown,,,0.0,,
71,withdrawn,2000-05-22,,,new haven,Unknown,,,0.0,,
72,withdrawn,2000-06-28,,,middlesex,Unknown,,,0.0,,
73,withdrawn,2000-07-07,,,fairfield,Unknown,,,0.0,,
74,withdrawn,2000-07-24,,,fairfield,Oil,,,49.0,,
77,operational,2000-10-02,,2011-05-28,berkshire,Wind,,,15.0,,
821,active,2000-12-14,,,worcester,Solar,,,4.9,,
80,withdrawn,2000-12-27,,,coos,Unknown,,,0.0,,
81,withdrawn,2001-01-02,,,york,Unknown,,,0.0,,
82,withdrawn,2001-02-14,,,barnstable,Unknown,,,0.0,,
84,withdrawn,2001-03-13,,,barnstable,Unknown,,,0.0,,
85,operational,2001-04-04,,2003-08-01,plymouth,Nuclear,,,0.0,,
89,withdrawn,2001-06-06,,,,Wind,,,454.0,,
90,operational,2001-06-08,,2004-05-01,franklin,Hydro,,,0.0,,
94,withdrawn,2001-07-17,,,hartford,Unknown,,,0.0,,
95,operational,2001-11-21,,2011-07-12,middlesex,Oil,,,620.0,,
96,operational,2001-12-12,,2003-05-20,penobscot,Hydro,,,126.0,,
98,withdrawn,2002-06-03,,,franklin,Unknown,,,0.0,,
99,operational,2002-08-08,,2004-03-10,new london,Nuclear,,,906.0,,
100,operational,2002-12-12,,2006-05-08,windham,Nuclear,,,642.0,,
101,operational,2003-01-15,,,rockingham,Nuclear,,,1265.0,,
102,withdrawn,2003-02-04,2008-10-14,,essex,Oil,,,97.0,,
103,operational,2003-03-04,,2003-06-01,fairfield,Unknown,,,0.0,,
104,withdrawn,2003-03-06,,,fairfield,Oil,,,207.0,,
105,withdrawn,2003-03-10,,,penobscot,Unknown,,,0.0,,
106,operational,2003-03-18,,2004-02-18,providence,Landfill,,,4.2,,
107,operational,2003-04-07,,2003-06-01,fairfield,Gas,,,19.0,,
108,operational,2003-05-12,,,berkshire & franklin,Wind,,,29.0,,
109,withdrawn,2003-06-12,2008-12-31,,worcester,Wind,,,0.0,,
110,operational,2003-07-07,,,tolland,Gas,,,25.0,,
111,operational,2003-07-21,,2004-06-22,coos,Hydro,,,25.0,,
112,operational,2003-09-15,,2003-10-01,suffolk,Oil,,,0.0,,
113,withdrawn,2003-09-29,,,caledonia,Unknown,,,0.0,,
114,operational,2003-10-02,,2004-06-01,fairfield,Oil,,,74.0,,
115,withdrawn,2003-10-27,2008-12-31,,fairfield,Oil,,,24.0,,
116,withdrawn,2003-11-10,,,essex,Wind,,,0.0,,
117,withdrawn,2003-12-08,,,fairfield,Unknown,,,0.0,,
118,withdrawn,2003-12-29,,,fairfield,Unknown,,,0.0,,
119,withdrawn,2004-01-16,2007-10-19,,fairfield,Unknown,,,0.0,,
120,operational,2004-05-10,,,strafford,Unknown,,,0.0,,
121,operational,2004-06-22,,2005-03-28,fairfield,Oil,,,6.0,,
122,operational,2004-07-20,,2005-01-03,new london,Oil,,,15.0,,
123,withdrawn,2004-10-04,,,somerset,Unknown,,,0.0,,
124,withdrawn,2004-10-27,,,caledonia,Unknown,,,0.0,,
125,operational,2004-11-02,,2008-05-31,fairfield,Oil,,,46.0,,
126,withdrawn,2004-11-09,,,cheshire,Biomass,,,40.0,,
127,operational,2004-11-15,,,sullivan,Wind,,,24.0,,
128,withdrawn,2005-02-11,,,litchfield,Biomass,,,42.0,,
129,operational,2005-02-28,,2005-04-04,penobscot,Biomass,,,16.0,,
130,withdrawn,2005-05-24,,,caledonia,Wind,,,53.0,,
131,withdrawn,2005-06-21,,,franklin,Wind,,,90.0,,
132,withdrawn,2005-07-21,,,bennington,Wind,,,9.0,,
133,withdrawn,2005-08-01,,,orleans,Oil,,,124.0,,
134,withdrawn,2005-08-03,,,bennington,Wind,,,45.0,,
136,withdrawn,2005-08-19,,,somerset,Biomass,,,40.0,,
135,withdrawn,2005-08-19,,,hampden,Biomass,,,55.0,,
137,operational,2005-09-23,,2011-06-21,oxford,Hydro,,,0.0,,
138,operational,2005-09-26,,,franklin,Wind,,,65.0,,
139,withdrawn,2005-10-14,,,middlesex,Gas,,,99.0,,
140,operational,2005-12-13,,2007-10-01,new haven,Oil,,,100.0,,
141,withdrawn,2005-12-14,,,middlesex,Oil,,,200.0,,
142,withdrawn,2005-12-21,,,windham,Wind,,,48.0,,
143,withdrawn,2006-01-16,,,providence,Landfill,,,25.0,,
144,withdrawn,2006-02-06,,,windsor,Biomass,,,28.0,,
145,withdrawn,2006-02-13,,,windham,Wind,,,51.0,,
146,operational,2006-02-21,,2006-06-29,new haven,Oil,,,20.0,,
147,withdrawn,2006-02-28,,,suffolk,Oil,,,168.0,,
148,operational,2006-03-06,,,grafton,Hydro,,,25.0,,
150,operational,2006-05-25,,,windham,Biomass,,,39.0,,
153,withdrawn,2006-05-30,,,fairfield,Gas,,,8.0,,
151,operational,2006-05-30,,2007-08-29,worcester,Landfill,,,7.2,,
152,operational,2006-05-30,,,suffolk,Oil,,,42.0,,
154,withdrawn,2006-05-31,,,suffolk,Oil,,,29.0,,
155,operational,2006-06-02,,2011-05-01,middlesex,Oil,,,130.0,,
156,operational,2006-06-13,,,essex,Coal,,,0.0,,
155,operational,2006-06-16,,2009-06-01,fairfield,Gas,,,14.0,,
158,operational,2006-06-21,,,middlesex,Gas,,,7.5,,
157,withdrawn,2006-06-21,2009-12-29,,middlesex,Gas,,,341.0,,
159,withdrawn,2006-06-30,2008-10-22,,fairfield,Gas,,,375.0,,
160,withdrawn,2006-06-30,2008-11-26,,middlesex,Oil,,,95.0,,
161,operational,2006-07-05,,2010-06-09,new haven,Oil,,,197.0,,
161,operational,2006-07-17,,2008-04-30,,Gas,,,0.0,,
162,operational,2006-07-18,,2008-03-13,windham,Hydro,,,32.0,,
163,withdrawn,2006-07-24,,,middlesex,Oil,,,22.0,,
164,withdrawn,2006-08-01,2009-12-14,,providence,Gas,,,196.0,,
165,withdrawn,2006-08-03,,,rockingham,Gas,,,616.0,,
166,operational,2006-08-09,,2012-02-15,coos,Wind,,,95.0,,
167,withdrawn,2006-08-10,,,new haven,Gas,,,16.0,,
168,withdrawn,2006-08-11,,,,Wind,,,250.0,,
169,withdrawn,2006-08-15,,,windsor,Biomass,,,28.0,,
170,withdrawn,2006-08-25,,,middlesex,Oil,,,55.0,,
172,operational,2006-08-29,,,caledonia,Wind,,,40.0,,
171,operational,2006-08-29,,2009-06-23,norfolk,Oil,,,115.0,,
173,withdrawn,2006-09-21,,,rutland,Wind,,,60.0,,
174,withdrawn,2006-10-13,,,hampden,Oil,,,280.0,,
182,withdrawn,2006-10-20,,,fairfield,Oil,,,18.0,,
176,withdrawn,2006-10-20,2008-12-29,,coos,Wind,,,146.0,,
175,withdrawn,2006-10-20,,,fairfield,Oil,,,204.0,,
177,withdrawn,2006-10-23,2008-12-23,,worcester,Oil,,,190.0,,
178,withdrawn,2006-11-02,,,plymouth,Oil,,,371.0,,
179,operational,2006-11-06,,2006-11-01,penobscot,Biomass,,,16.0,,
183,operational,2006-11-17,,2008-11-01,new london,Nuclear,,,1245.0,,
184,withdrawn,2006-11-17,,,middlesex,Oil,,,140.0,,
185,operational,2006-11-22,,2009-01-22,penobscot,Wind,,,59.0,,
186,withdrawn,2006-12-01,,,new haven,Oil,,,93.0,,
187,withdrawn,2006-12-05,,,fairfield,Gas,,,29.0,,
188,withdrawn,2006-12-07,,,plymouth,Oil,,,69.0,,
189,operational,2006-12-15,,2007-12-05,essex,Landfill,,,1.6,,
191,withdrawn,2006-12-22,,,fairfield,Gas,,,100.0,,
190,withdrawn,2006-12-22,,,hampden,Oil,,,200.0,,
192,operational,2006-12-28,,2010-06-01,litchfield,Oil,,,550.0,,
192,operational,2007-01-03,,2007-05-04,essex,Coal,,,0.0,,
193,withdrawn,2007-01-05,,,new haven,Gas,,,67.0,,
194,withdrawn,2007-01-08,,,new haven,Gas,,,189.0,,
195,operational,2007-01-09,,2009-09-24,bristol,Oil,,,24.0,,
196,operational,2007-01-16,,2011-06-17,franklin,Hydro,,,295.0,,
196,operational,2007-01-26,,2009-01-29,hampshire,Gas,,,11.0,,
197,operational,2007-01-31,,2012-01-31,oxford,Wind,,,51.0,,
198,withdrawn,2007-02-08,,,coos,Biomass,,,68.0,,
199,operational,2007-02-21,,2009-06-26,new haven,Gas,,,98.0,,
200,withdrawn,2007-02-21,,,coos,Wind,,,34.0,,
201,withdrawn,2007-02-26,2009-12-14,,providence,Gas,,,162.0,,
202,withdrawn,2007-02-27,2010-10-22,,windham,Gas,,,285.0,,
203,withdrawn,2007-03-20,,,coos,Landfill,,,6.3,,
204,withdrawn,2007-03-30,,,hartford,Oil,,,48.0,,
205,withdrawn,2007-04-02,,,penobscot,Gas,,,9.1,,
207,withdrawn,2007-04-03,,,new haven,Oil,,,540.0,,
206,operational,2007-04-03,,2008-05-05,litchfield,Gas,,,28.0,,
208,withdrawn,2007-04-13,,,norfolk,Gas,,,100.0,,
209,operational,2007-04-18,,2007-06-30,hampden,Coal,,,0.0,,
210,operational,2007-04-30,,,suffolk,Oil,,,0.0,,
211,withdrawn,2007-05-08,2007-11-20,,bristol,Oil,,,550.0,,
212,withdrawn,2007-05-15,,,hillsborough,Biomass,,,45.0,,
213,withdrawn,2007-05-15,,,worcester,Gas,,,185.0,,
214,withdrawn,2007-05-21,2007-10-27,,coos,Biomass,,,41.0,,
215,withdrawn,2007-05-24,2011-12-14,,oxford,Wind,,,50.0,,
215,withdrawn,2007-05-30,2008-10-27,,norfolk,Oil,,,578.0,,
216,withdrawn,2007-06-08,,,bristol,Oil,,,294.0,,
217,operational,2007-06-13,,,franklin,Hydro,,,1180.0,,
218,withdrawn,2007-06-27,,,berkshire,Biomass,,,48.0,,
219,operational,2007-07-06,,2009-01-01,middlesex,Oil,,,77.0,,
220,operational,2007-07-10,,2009-01-31,grafton,Biomass,,,17.0,,
222,withdrawn,2007-07-16,,,new haven,Oil,,,560.0,,
221,withdrawn,2007-07-18,,,penobscot,Wind,,,35.0,,
223,withdrawn,2007-07-25,,,berkshire,Biomass,,,24.0,,
224,operational,2007-08-10,,2010-02-12,franklin,Oil,,,28.0,,
225,withdrawn,2007-08-13,2010-10-22,,windham,Gas,,,412.0,,
225,withdrawn,2007-09-04,,,,Wind,,,255.0,,
226,withdrawn,2007-09-05,,,rockingham,Gas,,,1010.0,,
227,withdrawn,2007-09-26,,,berkshire,Hydro,,,333.0,,
228,operational,2007-10-09,,2011-07-26,penobscot,Wind,,,30.0,,
230,operational,2007-10-15,,,colchester,Oil,,,8.0,,
229,withdrawn,2007-10-15,,,coos,Biomass,,,41.0,,
231,operational,2007-10-25,,,bristol,Coal,,,663.0,,
232,withdrawn,2007-11-01,,,hartford,Oil,,,275.0,,
233,operational,2007-11-02,,2013-05-25,providence,Landfill,,,37.0,,
234,operational,2007-11-07,,2008-09-04,washington,Landfill,,,4.8,,
235,withdrawn,2007-11-15,,,new haven,Gas,,,65.0,,
236,withdrawn,2007-11-30,,,hampden,Oil,,,421.0,,
237,withdrawn,2007-12-05,,,newport,Gas,,,300.0,,
238,withdrawn,2007-12-07,,,worcester,Landfill,,,2.0,,
239,withdrawn,2007-12-12,2008-10-22,,fairfield,Oil,,,436.0,,
240,withdrawn,2007-12-18,2010-10-27,,new london,Oil,,,98.0,,
241,withdrawn,2007-12-31,,,new haven,Oil,,,557.0,,
242,withdrawn,2008-01-03,,,cheshire,Biomass,,,20.0,,
244,withdrawn,2008-01-03,,,somerset,Wind,,,117.0,,
243,operational,2008-01-04,,,bristol,Coal,,,669.0,,
245,operational,2008-01-11,,2010-03-12,washington,Wind,,,24.0,,
246,withdrawn,2008-01-29,2008-12-31,,worcester,Gas,,,87.0,,
247,withdrawn,2008-01-31,,,orleans,Hydro,,,4.1,,
249,operational,2008-02-04,,2010-03-12,washington,Wind,,,26.0,,
248,operational,2008-02-07,,2012-05-23,new haven,Oil,,,146.0,,
252,operational,2008-02-13,,2010-07-15,new london,Gas,,,18.0,,
250,operational,2008-02-13,,2011-10-01,hartford,Gas,,,6.1,,
251,operational,2008-02-15,,2014-06-17,coos,Biomass,,,59.0,,
254,withdrawn,2008-03-10,,,penobscot,Wind,,,20.0,,
253,withdrawn,2008-03-11,,,fairfield,Oil,,,310.0,,
254,withdrawn,2008-03-25,,,berkshire,Wind,,,13.0,,
255,withdrawn,2008-03-31,,,grafton,Wind,,,50.0,,
256,withdrawn,2008-04-04,,,merrimack,Biomass,,,20.0,,
257,withdrawn,2008-04-14,,,,Wind,,,250.0,,
258,operational,2008-04-15,,2008-05-26,merrimack,Coal,,,337.0,,
259,withdrawn,2008-05-07,,,providence,Gas,,,616.0,,
260,withdrawn,2008-05-08,,,,Wind,,,450.0,,
261,withdrawn,2008-05-19,,,,Gas,,,497.0,,
262,withdrawn,2008-05-23,,,providence,Landfill,,,50.0,,
263,withdrawn,2008-05-27,,,washington,Wind,,,385.0,,
264,withdrawn,2008-06-04,,,,Landfill,,,0.8,,
264,withdrawn,2008-06-11,,,grafton,Biomass,,,10.0,,
265,withdrawn,2008-06-16,,,suffolk,Oil,,,14.0,,
266,withdrawn,2008-06-19,,,orleans,Wind,,,34.0,,
267,withdrawn,2008-06-24,,,fairfield,Oil,,,222.0,,
268,withdrawn,2008-07-08,,,orleans,Wind,,,8.5,,
269,operational,2008-07-14,,2011-08-02,hampden,Hydro,,,1.3,,
270,withdrawn,2008-07-17,,,wiscasset,Hydro,,,1000.0,,
272,operational,2008-08-01,,2012-08-01,franklin,Wind,,,64.0,,
273,withdrawn,2008-08-03,2019-10-16,,hampden,Biomass,,,37.0,,
274,withdrawn,2008-08-07,2012-10-14,,chittenden,Oil,,,49.0,,
276,withdrawn,2008-09-02,,,bennington,Wind,,,30.0,,
277,withdrawn,2008-09-12,,,fairfield,Oil,,,695.0,,
277,withdrawn,2008-09-22,2014-12-18,,dutchess,Gas,,,1115.0,,
279,withdrawn,2008-09-30,,,windsor,Biomass,,,30.0,,
280,withdrawn,2008-10-02,,,coos,Wind,,,180.0,,
281,operational,2008-10-06,,2011-09-01,rutland,Wind,,,85.0,,
281,operational,2008-10-07,,2009-01-30,windham,Gas,,,0.0,,
282,withdrawn,2008-10-15,,,franklin,Biomass,,,52.0,,
284,operational,2008-10-22,,2012-04-05,rockingham,Nuclear,,,1257.0,,
285,withdrawn,2008-10-24,,,penobscot,Gas,,,35.0,,
286,withdrawn,2008-12-05,,,worcester,Gas,,,199.0,,
287,operational,2008-12-18,,2015-09-15,franklin,Wind,,,33.0,,
289,operational,2009-01-08,,2012-06-15,new haven,Gas,,,9.0,,
290,operational,2009-01-15,,,oxford,Wind,,,18.0,,
291,operational,2009-01-21,,2010-06-17,merrimack,Coal,,,354.0,,
292,withdrawn,2009-01-30,,,berkshire,Biomass,,,52.0,,
293,operational,2009-01-30,,2009-07-20,penobscot,Hydro,,,5.0,,
294,withdrawn,2009-02-05,,,washington,Wind,,,20.0,,
295,withdrawn,2009-02-09,,,plymouth,Gas,,,1012.0,,
296,operational,2009-02-20,,2011-05-01,windsor,Biomass,,,30.0,,
296,operational,2009-02-23,,,chittenden,Wind,,,12.0,,
296,operational,2009-03-20,,,essex,Coal,,,0.0,,
297,withdrawn,2009-03-25,,,aroostook,Wind,,,202.0,,
298,withdrawn,2009-04-15,,,oxford,Unknown,,,1.5,,
299,operational,2009-05-11,,2009-11-01,rockingham,Nuclear,,,0.0,,
300,operational,2009-05-14,,,oxford,Wind,,,19.0,,
301,operational,2009-05-28,,2011-07-26,penobscot,Wind,,,3.9,,
302,withdrawn,2009-06-16,,,aroostook,Wind,,,150.0,,
303,withdrawn,2009-06-23,,,cumberland,Biomass,,,7.6,,
303,withdrawn,2009-06-24,,,androscoggin,Unknown,,,9.5,,
304,withdrawn,2009-07-06,,,cumberland,Biomass,,,4.9,,
305,withdrawn,2009-07-10,2009-10-20,,dukes,Oil,,,16.0,,
306,withdrawn,2009-07-13,,,hampden,Hydro,,,3.3,,
307,withdrawn,2009-07-14,,,essex,Oil,,,9.1,,
308,withdrawn,2009-08-28,,,washington,Wind,,,29.0,,
309,withdrawn,2009-09-01,,,lewiston,Hydro,,,34.0,,
310,withdrawn,2009-09-10,2012-11-15,,franklin,Wind,,,33.0,,
311,operational,2009-09-15,,,orleans,Wind,,,62.0,,
312,withdrawn,2009-09-18,2011-10-18,,cheshire,Biomass,,,20.0,,
313,operational,2009-10-08,,2012-08-24,androscoggin,Hydro,,,34.0,,
314,withdrawn,2009-10-16,,,plymouth,Gas,,,455.0,,
315,operational,2009-10-20,,2012-06-08,hampden,Hydro,,,1.7,,
316,operational,2009-11-02,,2010-10-04,penobscot,Gas,,,27.0,,
317,operational,2009-11-04,,,hancock,Wind,,,34.0,,
318,operational,2009-11-24,,2010-04-14,hartford,Oil,,,48.0,,
319,withdrawn,2009-12-14,,,new london,Nuclear,,,1260.0,,
320,withdrawn,2009-12-15,2011-10-31,,fairfield,Oil,,,0.0,,
321,operational,2009-12-24,,2010-06-01,oxford,Hydro,,,44.0,,
323,operational,2010-01-21,,,oxford,Wind,,,20.0,,
325,withdrawn,2010-02-10,,,washington,Wind,,,536.0,,
326,withdrawn,2010-04-08,,,hampden,Solar,,,20.0,,
327,withdrawn,2010-05-04,,,penobscot,Wind,,,48.0,,
328,withdrawn,2010-05-06,,,worcester,Wind,,,28.0,,
329,operational,2010-05-07,,,chittenden,Wind,,,10.0,,
330,withdrawn,2010-05-10,,,rutland,Biomass,,,33.0,,
331,operational,2010-05-13,,,new haven,Gas,,,104.0,,
332,operational,2010-05-13,,,providence,Gas,,,625.0,,
338,withdrawn,2010-05-14,2012-11-19,,hillsborough,Wind,,,18.0,,
333,operational,2010-05-14,,,somerset,Wind,,,185.0,,
335,withdrawn,2010-05-14,,,hancock,Biomass,,,18.0,,
337,operational,2010-05-14,,2012-01-13,franklin,Oil,,,180.0,,
336,operational,2010-05-14,,2010-08-02,providence,Gas,,,492.0,,
334,withdrawn,2010-05-14,,,hampden,Wind,,,30.0,,
339,withdrawn,2010-06-09,,,providence,Gas,,,492.0,,
340,withdrawn,2010-06-24,,,bennington,Biomass,,,33.0,,
342,operational,2010-07-21,,2011-06-14,providence,Gas,,,510.0,,
343,withdrawn,2010-08-10,,,plymouth,Nuclear,,,0.0,,
344,operational,2010-09-07,,2011-09-30,hampden,Gas,,,280.0,,
345,operational,2010-09-08,,,grafton,Wind,,,48.0,,
346,operational,2010-10-01,,2014-06-17,coos,Biomass,,,68.0,,
347,operational,2010-10-07,,,hancock,Biomass,,,25.0,,
349,operational,2010-10-20,,,penobscot,Wind,,,9.0,,
350,withdrawn,2010-11-10,2013-11-15,,washington,Wind,,,92.0,,
351,operational,2010-12-03,,2011-04-26,androscoggin,Hydro,,,39.0,,
352,operational,2010-12-14,,,essex,Coal,,,753.0,,
353,withdrawn,2010-12-21,,,plymouth,Wind,,,9.9,,
354,withdrawn,2011-01-12,,,berkshire,Oil,,,185.0,,
356,operational,2011-02-04,,2012-06-29,berkshire,Oil,,,193.0,,
357,operational,2011-02-24,,2016-05-23,penobscot,Wind,,,40.0,,
358,operational,2011-03-04,,2011-11-04,penobscot,Hydro,,,8.9,,
359,operational,2011-03-07,,2011-07-13,franklin,Hydro,,,0.0,,
361,withdrawn,2011-03-14,,,west rutland,Wind,,,20.0,,
362,operational,2011-03-22,,2011-11-04,penobscot,Hydro,,,9.1,,
363,withdrawn,2011-03-31,,,bristol,Solar,,,6.0,,
364,withdrawn,2011-04-07,,,hampden,Solar,,,4.9,,
366,operational,2011-05-23,,2016-03-30,somerset,Hydro,,,30.0,,
367,operational,2011-05-26,,,orleans,Wind,,,65.0,,
368,withdrawn,2011-05-27,,,hillsborough,Wind,,,10.0,,
369,withdrawn,2011-06-08,2011-11-28,,fairfield,Gas,,,775.0,,
370,operational,2011-07-01,,,new haven,Hydro,,,0.0,,
371,withdrawn,2011-08-01,,,hillsborough,Wind,,,33.0,,
372,operational,2011-08-03,,,york,Hydro,,,21.0,,
373,withdrawn,2011-08-12,,,hampden,Oil,,,550.0,,
374,operational,2011-08-24,,2012-05-20,bristol,Coal,,,0.0,,
375,withdrawn,2011-09-07,,,merrimack,Wind,,,80.0,,
377,operational,2011-09-14,,,worcester,Solar,,,9.8,,
379,withdrawn,2011-10-19,,,hampden,Solar,,,4.9,,
381,withdrawn,2011-11-14,2013-10-21,,lincoln,Wind,,,12.0,,
382,withdrawn,2011-12-05,2012-11-20,,oxford,Wind,,,80.0,,
383,withdrawn,2011-12-22,,,franklin,Wind,,,198.0,,
384,operational,2011-12-29,,2018-05-21,new haven,Oil,,,775.0,,
385,withdrawn,2012-01-06,,,calendonia,Wind,,,60.0,,
386,operational,2012-01-12,,2013-01-31,york,Gas,,,597.0,,
387,operational,2012-01-13,,2013-02-28,new haven,Gas,,,250.0,,
388,withdrawn,2012-01-13,,,fairfield,Gas,,,700.0,,
389,withdrawn,2012-01-17,,,fairfield,Solar,,,5.0,,
390,withdrawn,2012-01-30,,,grafton,Wind,,,51.0,,
391,operational,2012-02-02,,2015-07-31,somerset,Hydro,,,15.0,,
392,withdrawn,2012-03-28,,,coos,Wind,,,2.7,,
393,withdrawn,2012-05-07,2015-10-28,,somerset,Wind,,,84.0,,
394,operational,2012-07-25,,,fairfield,Gas,,,5.6,,
395,withdrawn,2012-07-30,2012-10-24,,windham,Solar,,,2.2,,
396,operational,2012-08-28,,,berkshire,Wind,,,20.0,,
397,operational,2012-08-30,,,hancock,Wind,,,51.0,,
398,operational,2012-09-04,,2013-12-05,bristol,Gas,,,197.0,,
399,withdrawn,2012-10-01,,,franklin,Wind,,,34.0,,
400,withdrawn,2012-10-03,,,washington,Wind,,,90.0,,
401,withdrawn,2012-10-05,,,washington,Wind,,,20.0,,
402,operational,2012-10-16,,2013-03-01,windham,Hydro,,,0.31,,
403,operational,2012-12-06,,,penobscot,Wind,,,9.1,,
404,operational,2013-01-08,,2017-06-28,suffolk,Oil,,,106.0,,
405,operational,2013-01-18,,2016-12-09,washington,Wind,,,29.0,,
411,operational,2013-02-28,,,essex,Oil,,,46.0,,
409,withdrawn,2013-02-28,,,norfolk,Oil,,,208.0,,
408,withdrawn,2013-02-28,,,middlesex,Oil,,,208.0,,
412,operational,2013-02-28,,2019-06-10,fairfield,Oil,,,533.0,,
414,operational,2013-03-26,,2014-06-17,rockingham,Gas,,,595.0,,
415,operational,2013-04-12,,2016-01-23,coos,Wind,,,8.6,,
416,withdrawn,2013-04-23,,,coos,Wind,,,18.0,,
417,withdrawn,2013-04-25,,,aroostook,Wind,,,250.0,,
418,withdrawn,2013-05-01,,,windsor,Oil,,,37.0,,
419,withdrawn,2013-05-02,,,franklin,Wind,,,33.0,,
420,operational,2013-07-15,,,hancock,Wind,,,73.0,,
423,withdrawn,2013-09-10,,,merrimack,Wind,,,74.0,,
424,withdrawn,2013-09-11,,,hampden,Hydro,,,0.65,,
429,withdrawn,2013-12-02,,,lincoln,Offshore Wind,,,12.0,,
433,operational,2014-01-24,,2014-04-21,suffolk,Oil,,,66.0,,
435,withdrawn,2014-01-31,,,washington,Wind,,,104.0,,
436,withdrawn,2014-02-05,,,fairfield,Oil,,,335.0,,
437,operational,2014-02-10,,2016-01-23,coos,Wind,,,0.0,,
439,withdrawn,2014-02-24,,,essex,Gas,,,483.0,,
440,operational,2014-02-24,,2018-05-09,new haven,Gas,,,350.0,,
438,withdrawn,2014-02-24,,,norfolk,Gas,,,65.0,,
441,operational,2014-02-25,,,berkshire,Hydro,,,0.19,,
442,withdrawn,2014-02-26,2015-12-28,,hampden,Oil,,,422.0,,
450,withdrawn,2014-03-04,,,fairfield,Oil,,,245.0,,
448,withdrawn,2014-03-04,,,new london,Gas,,,5.6,,
451,withdrawn,2014-03-04,,,fairfield,Oil,,,345.0,,
449,operational,2014-03-04,,2019-06-15,barnstable,Oil,,,336.0,,
446,withdrawn,2014-03-04,,,chittenden,Oil,,,60.0,,
445,withdrawn,2014-03-04,,,norfolk,Oil,,,104.0,,
452,withdrawn,2014-03-04,,,somerset,Wind,,,85.0,,
453,withdrawn,2014-03-31,,,lincoln,Offshore Wind,,,10.0,,
454,withdrawn,2014-04-07,,,somerset,Wind,,,86.0,,
458,withdrawn,2014-04-28,,,aroostook,Wind,,,104.0,,
460,withdrawn,2014-04-29,,,aroostook,Wind,,,104.0,,
459,withdrawn,2014-04-29,,,aroostook,Wind,,,104.0,,
461,withdrawn,2014-04-30,,,aroostook,Wind,,,104.0,,
462,withdrawn,2014-04-30,,,aroostook,Wind,,,104.0,,
444,operational,2014-05-02,,2019-03-14,norfolk,Oil,,,208.0,,
469,operational,2014-06-16,,2015-06-05,fairfield,Gas,,,588.0,,
471,withdrawn,2014-06-19,,,aroostook,Wind,,,601.0,,
470,withdrawn,2014-06-19,,,aroostook,Wind,,,601.0,,
472,withdrawn,2014-06-20,2015-12-28,,hampden,Oil,,,441.0,,
476,withdrawn,2014-08-29,,,penobscot,Wind,,,53.0,,
477,operational,2014-09-19,,2019-06-01,bennington,Wind,,,30.0,,
478,withdrawn,2014-10-01,,,washington,Wind,,,9.6,,
479,withdrawn,2014-10-17,2014-11-18,,rockingham,Gas,,,838.0,,
482,withdrawn,2014-11-18,,,rutland,Hydro,,,0.32,,
481,operational,2014-11-18,,2017-06-29,rockingham,Gas,,,812.0,,
484,operational,2014-12-04,,,rockingham,Gas,,,635.0,,
485,withdrawn,2014-12-10,,,hampden,Oil,,,844.0,,
487,operational,2014-12-18,,2020-04-18,dutchess,Gas,,,1132.0,,
486,withdrawn,2014-12-19,,,hancock,Wind,,,250.0,,
488,withdrawn,2014-12-22,2015-10-16,,windham,Wind,,,74.0,,
489,withdrawn,2015-01-08,2019-11-26,,providence,Gas,,,1080.0,,
490,operational,2015-01-15,,2016-05-31,middlesex,Oil,,,75.0,,
492,withdrawn,2015-02-05,,,providence,Oil,,,238.0,,
496,operational,2015-02-13,,2019-06-15,penobscot,Hydro,,,126.0,,
497,withdrawn,2015-02-13,,,new haven,Gas,,,63.0,,
520,withdrawn,2015-02-17,,,fairfield,Oil,,,110.0,,
521,withdrawn,2015-02-17,,,fairfield,Oil,,,110.0,,
524,withdrawn,2015-02-23,,,providence,Oil,,,234.0,,
523,withdrawn,2015-02-23,,,providence,Oil,,,234.0,,
525,operational,2015-02-25,,2016-11-04,newport,Gas,,,306.0,,
530,withdrawn,2015-02-26,,,fairfield,Gas,,,588.0,,
528,withdrawn,2015-02-26,,,worcester,Gas,,,261.0,,
527,operational,2015-02-26,,,worcester,Gas,,,231.0,,
526,withdrawn,2015-02-26,,,worcester,Gas,,,201.0,,
536,withdrawn,2015-02-27,2015-12-10,,orleans,Wind,,,5.0,,
531,withdrawn,2015-02-27,,,penobscot,Gas,,,583.0,,
532,withdrawn,2015-02-27,,,franklin,Wind,,,17.0,,
534,operational,2015-02-27,,2018-05-20,windham,Gas,,,951.0,,
533,operational,2015-02-27,,2017-06-05,new haven,Gas,,,319.0,,
535,operational,2015-02-27,,2020-01-07,hampden,Wind,,,5.0,,
537,withdrawn,2015-02-28,,,middlesex,Gas,,,14.0,,
542,withdrawn,2015-03-02,,,norfolk,Oil,,,97.0,,
538,withdrawn,2015-03-02,,,newport,Gas,,,119.0,,
541,withdrawn,2015-03-02,,,hampden,Oil,,,452.0,,
540,operational,2015-03-02,,2018-05-21,new haven,Oil,,,831.0,,
543,operational,2015-03-02,,,hillsborough,Wind,,,28.0,,
545,operational,2015-03-03,,2015-06-25,rutland,Hydro,,,2.0,,
546,operational,2015-03-04,,2018-07-31,norfolk,Oil,,,340.0,,
547,withdrawn,2015-04-28,,,penobscot,Wind,,,43.0,,
549,withdrawn,2015-05-28,,,newport,Oil,,,893.0,,
548,withdrawn,2015-05-28,,,plymouth,Oil,,,893.0,,
552,operational,2015-06-12,,2020-12-07,hartford,Solar,,,20.0,,
550,withdrawn,2015-06-12,,,franklin,Solar,,,20.0,,
551,withdrawn,2015-06-12,,,windsor,Solar,,,20.0,,
553,withdrawn,2015-06-12,,,franklin,Solar,,,20.0,,
554,withdrawn,2015-06-18,,,worcester,Landfill,,,3.2,,
555,withdrawn,2015-08-07,,,oxford,Wind,,,40.0,,
556,withdrawn,2015-08-07,,,somerset,Wind,,,79.0,,
557,operational,2015-08-10,,,franklin,Solar,,,78.0,,
559,withdrawn,2015-08-12,,,windsor,Solar,,,20.0,,
558,withdrawn,2015-08-12,,,franklin,Solar,,,20.0,,
561,withdrawn,2015-08-27,,,franklin,Solar,,,20.0,,
560,withdrawn,2015-08-27,2015-10-29,,orange,Solar,,,20.0,,
562,withdrawn,2015-08-27,,,orleans,Solar,,,20.0,,
563,withdrawn,2015-09-01,,,rutland,Solar,,,20.0,,
564,withdrawn,2015-09-04,,,franklin,Solar,,,20.0,,
565,operational,2015-09-08,,,windsor,Solar,,,20.0,,
566,withdrawn,2015-09-09,,,rutland,Solar,,,20.0,,
567,withdrawn,2015-09-11,,,franklin,Solar,,,196.0,,
568,withdrawn,2015-09-25,,,rockingham,Solar,,,10.0,,
570,operational,2015-10-21,,2016-05-31,middlesex,Oil,,,250.0,,
573,withdrawn,2015-11-03,,,franklin,Wind,,,245.0,,
574,withdrawn,2015-11-03,,,franklin,Wind,,,216.0,,
572,withdrawn,2015-11-03,,,franklin,Wind,,,113.0,,
575,operational,2015-11-03,,,cumberland,Battery,,,16.0,,
576,withdrawn,2015-11-12,,,franklin,Wind,Battery,,241.0,,
577,withdrawn,2015-11-12,,,frqanklin,Wind,Battery,,270.0,,
578,withdrawn,2015-11-20,,,somerset,Solar,,,152.0,,
579,withdrawn,2015-11-25,,,cheshire,Gas,,,570.0,,
580,withdrawn,2015-11-30,,,worcester,Oil,,,1030.0,,
581,withdrawn,2015-12-02,,,worcester,Solar,,,2.7,,
582,withdrawn,2015-12-02,,,worcester,Solar,,,3.1,,
583,operational,2015-12-04,,2020-11-07,york,Solar,,,50.0,,
586,operational,2016-01-04,,,sullivan,Biomass,,,18.0,,
587,withdrawn,2016-01-07,,,cheshire,Solar,,,98.0,,
588,operational,2016-01-07,,,windham,Solar,,,49.0,,
592,operational,2016-01-21,,2023-01-06,berkshire,Hydro,,,663.0,,
594,withdrawn,2016-01-27,,,franklin,Wind,,,245.0,,
593,withdrawn,2016-01-27,,,franklin,Wind,,,216.0,,
596,withdrawn,2016-02-08,,,windham,Oil,,,1170.0,,
595,operational,2016-02-08,,,fairfield,Gas,,,588.0,,
597,withdrawn,2016-02-24,,,oxford,Hydro,,,28.0,,
598,withdrawn,2016-03-07,,,windham,Oil,,,576.0,,
599,withdrawn,2016-04-05,,,cheshire,Solar,,,65.0,,
601,withdrawn,2016-04-14,,,providence,Oil,,,690.0,,
600,withdrawn,2016-04-14,,,providence,Oil,,,650.0,,
602,operational,2016-04-14,,,grafton,Hydro,,,196.0,,
606,operational,2016-04-21,,2017-04-12,chittenden,Hydro,,,1.2,,
609,withdrawn,2016-04-22,,,new haven,Oil,,,162.0,,
610,withdrawn,2016-04-22,,,franklin,Oil,,,80.0,,
608,withdrawn,2016-04-22,,,bristol,Gas,,,70.0,,
611,withdrawn,2016-04-25,,,fairfield,Gas,,,102.0,,
615,withdrawn,2016-06-28,,,cheshire,Solar,,,78.0,,
614,withdrawn,2016-06-28,,,franklin,Solar,,,78.0,,
613,withdrawn,2016-06-28,,,windham,Solar,,,63.0,,
616,withdrawn,2016-07-01,,,windsor,Solar,,,0.0,,
617,active,2016-07-22,,,essex,Oil,,,68.0,,
618,withdrawn,2016-08-01,,,,Offshore Wind,,,800.0,,
620,withdrawn,2016-10-07,,,washington,Solar,,,75.0,,
621,withdrawn,2016-10-17,,,somerset,Wind,,,94.0,,
622,operational,2016-10-17,,2021-09-30,middlesex,Gas,,,43.0,,
623,withdrawn,2016-10-31,,,york,Solar,,,150.0,,
624,active,2016-11-08,,,,Offshore Wind,,,800.0,,
626,withdrawn,2016-12-14,,,aroostook,Wind,,,376.0,,
629,withdrawn,2017-03-07,,,new haven,Solar,,,20.0,,
628,withdrawn,2017-03-07,,,cheshire,Solar,,,30.0,,
631,withdrawn,2017-04-05,,,coos,Gas,,,8.6,,
632,withdrawn,2017-04-05,,,,Offshore Wind,Battery,,880.0,,
630,withdrawn,2017-04-05,2017-11-21,,hartford,Landfill,,,16.0,,
641,withdrawn,2017-04-24,,,oxford,Wind,,,55.0,,
642,withdrawn,2017-04-26,,,norfolk,Oil,,,98.0,,
646,withdrawn,2017-04-28,,,franklin,Solar,,,20.0,,
645,withdrawn,2017-04-28,,,orange,Solar,,,20.0,,
647,withdrawn,2017-04-28,,,middlesex,Oil,,,378.0,,
644,withdrawn,2017-04-28,,,franklin,Solar,,,20.0,,
648,withdrawn,2017-04-28,,,middlesex,Oil,,,378.0,,
649,operational,2017-05-04,,,penobscot,Wind,,,20.0,,
655,operational,2017-06-15,,,oxford,Wind,,,15.0,,
660,withdrawn,2017-07-20,,,windham,Solar,,,20.0,,
662,withdrawn,2017-07-20,,,franklin,Wind,,,150.0,,
667,withdrawn,2017-07-21,,,somerset,Solar,,,150.0,,
664,withdrawn,2017-07-21,,,franklin,Wind,,,214.0,,
663,withdrawn,2017-07-21,,,franklin,Wind,,,241.0,,
665,withdrawn,2017-07-21,,,franklin,Wind,Battery,,266.0,,
666,withdrawn,2017-07-21,,,franklin,Wind,Battery,,239.0,,
669,withdrawn,2017-07-25,,,,Offshore Wind,,,288.0,,
670,active,2017-07-25,,,somerset,Solar,,,113.0,,
671,withdrawn,2017-07-26,2017-10-25,,hartford,Solar,,,26.0,,
673,withdrawn,2017-07-26,2017-11-27,,franklin,Wind,,,20.0,,
672,withdrawn,2017-07-26,2019-10-22,,aroostook,Wind,,,630.0,,
674,active,2017-07-28,,,bennington,Solar,,,20.0,,
675,withdrawn,2017-07-28,,,new london,Solar,,,22.0,,
676,withdrawn,2017-08-03,,,sullivan,Solar,,,20.0,,
681,withdrawn,2017-08-03,,,grafton,Solar,,,20.0,,
677,withdrawn,2017-08-03,2017-10-24,,grafton,Solar,,,20.0,,
678,withdrawn,2017-08-03,2017-10-24,,grafton,Solar,,,20.0,,
679,withdrawn,2017-08-03,,,hillsborough,Solar,,,20.0,,
680,active,2017-08-03,,,rutland,Solar,,,20.0,,
682,withdrawn,2017-09-18,,,worcester,Solar,Battery,,20.0,,
684,withdrawn,2017-10-20,,,grafton,Solar,,,20.0,,
683,withdrawn,2017-10-20,,,grafton,Solar,,,20.0,,
685,withdrawn,2017-10-20,2019-11-26,,coos,Solar,,,20.0,,
686,withdrawn,2017-10-24,,,berkshire,Solar,,,20.0,,
695,withdrawn,2017-11-20,,,washington,Solar,,,6.1,,
692,operational,2017-11-20,,2019-05-24,providence,Solar,,,16.0,,
693,operational,2017-11-20,,2020-04-30,washington,Solar,,,14.0,,
691,operational,2017-11-20,,2020-09-15,kent,Solar,,,31.0,,
694,withdrawn,2017-11-20,,,washington,Solar,,,7.0,,
688,withdrawn,2017-11-21,,,worcester,Battery,,,50.0,,
687,withdrawn,2017-11-21,,,barnstable,Battery,,,150.0,,
689,withdrawn,2017-11-21,,,middlesex,Battery,,,100.0,,
690,withdrawn,2017-11-21,,,bristol,Battery,,,100.0,,
696,operational,2017-11-27,,,providence,Wind,,,21.0,,
698,operational,2017-12-07,,2020-02-05,worcester,Solar,,,8.0,,
697,operational,2017-12-07,,2020-02-05,worcester,Solar,,,6.0,,
699,withdrawn,2017-12-13,,,,Offshore Wind,Battery,,875.0,,
701,withdrawn,2017-12-15,,,,Offshore Wind,,,400.0,,
700,active,2017-12-15,,,,Offshore Wind,,,791.0,,
703,operational,2018-01-24,,2019-04-23,plymouth,Solar,,,6.8,,
704,operational,2018-01-24,,2020-02-21,bristol,Solar,,,1.9,,
702,operational,2018-01-24,,2019-07-10,plymouth,Solar,,,9.5,,
712,withdrawn,2018-02-21,,,windham,Solar,,,20.0,,
713,operational,2018-02-21,,,hartford,Solar,,,26.0,,
708,active,2018-02-21,,,litchfield,Solar,,,20.0,,
721,withdrawn,2018-02-21,,,hartford,Solar,,,26.0,,
722,withdrawn,2018-02-21,,,hartford,Solar,,,25.0,,
720,operational,2018-02-21,,2022-10-01,new london,Solar,,,15.0,,
716,operational,2018-02-21,,2023-08-18,new london,Solar,,,18.0,,
707,withdrawn,2018-02-21,,,windham,Solar,,,7.5,,
711,active,2018-02-21,,,new london,Solar,,,10.0,,
718,withdrawn,2018-02-21,,,new london,Solar,,,6.0,,
715,operational,2018-02-21,,2018-04-18,new london,Solar,,,20.0,,
719,withdrawn,2018-02-21,,,hartford,Solar,,,20.0,,
709,withdrawn,2018-02-21,,,hartford,Fuel Cell,,,15.0,,
710,active,2018-02-21,,,litchfield,Solar,,,20.0,,
717,withdrawn,2018-02-21,,,hartford,Battery,,,20.0,,
714,withdrawn,2018-02-21,,,windham,Solar,,,20.0,,
723,withdrawn,2018-03-01,,,barnstable,Battery,,,143.0,,
724,withdrawn,2018-03-07,,,windham,Oil,,,692.0,,
725,operational,2018-03-20,,,new haven,Solar,,,15.0,,
726,active,2018-03-21,,,plymouth,Battery,,,150.0,,
727,active,2018-03-28,,,cheshire,Solar,,,50.0,,
728,operational,2018-04-02,,2019-03-31,windham,Hydro,,,35.0,,
735,withdrawn,2018-04-12,,,aroostook,Wind,,,601.0,,
749,withdrawn,2018-04-12,,,franklin,Solar,,,150.0,,
751,withdrawn,2018-04-12,,,orange,Solar,,,20.0,,
747,withdrawn,2018-04-12,,,franklin,Wind,Battery,,266.0,,
731,withdrawn,2018-04-12,,,aroostook,Wind,,,104.0,,
730,withdrawn,2018-04-12,,,aroostook,Wind,,,104.0,,
746,withdrawn,2018-04-12,,,franklin,Wind,,,214.0,,
733,withdrawn,2018-04-12,,,aroostook,Wind,,,104.0,,
739,withdrawn,2018-04-12,,,somerset,Wind,,,90.0,,
745,withdrawn,2018-04-12,,,franklin,Wind,,,241.0,,
729,withdrawn,2018-04-12,,,aroostook,Wind,,,104.0,,
734,withdrawn,2018-04-12,,,aroostook,Wind,,,601.0,,
744,withdrawn,2018-04-12,,,franklin,Wind,,,150.0,,
732,withdrawn,2018-04-12,,,aroostook,Wind,,,104.0,,
748,withdrawn,2018-04-12,,,franklin,Wind,Battery,,239.0,,
750,withdrawn,2018-04-12,,,franklin,Solar,,,20.0,,
752,withdrawn,2018-04-19,,,bristol,Battery,,,103.0,,
753,withdrawn,2018-04-20,,,franklin,Solar,,,20.0,,
754,withdrawn,2018-04-25,2021-10-31,,cheshire,Solar,,,30.0,,
757,withdrawn,2018-04-26,,,somerset,Solar,,,20.0,,
758,active,2018-04-26,,,providence,Oil,,,652.0,,
760,active,2018-04-26,,,washington,Wind,,,126.0,,
756,withdrawn,2018-04-26,,,kennebec,Solar,,,20.0,,
759,operational,2018-04-26,,2022-05-31,new haven,Gas,,,350.0,,
761,withdrawn,2018-04-27,,,middlesex,Battery,,,150.0,,
762,withdrawn,2018-04-27,,,rutland,Solar,,,23.0,,
763,withdrawn,2018-04-27,,,rutland,Solar,,,15.0,,
765,withdrawn,2018-05-09,,,providence,Solar,,,10.0,,
764,operational,2018-05-09,,2019-09-30,providence,Solar,,,10.0,,
766,active,2018-05-22,,,washington,Solar,,,5.2,,
768,operational,2018-06-13,,2019-09-03,hampshire,Solar,Battery,,6.1,,
769,withdrawn,2018-06-13,,,berkshire,Wind,,,7.5,,
767,withdrawn,2018-06-13,,,fairfield,Solar,,,20.0,,
770,withdrawn,2018-06-20,,,rockingham,Solar,,,10.0,,
771,withdrawn,2018-07-26,,,penobscot,Battery,,,19.0,,
772,operational,2018-08-07,,2019-06-03,middlesex,Gas,Solar,Battery,7.8,,
774,active,2018-08-13,,,washington,Solar,,,8.0,,
773,operational,2018-08-13,,,plymouth,Solar,,,4.9,,
775,withdrawn,2018-08-20,,,kennebec,Solar,,,20.0,,
776,withdrawn,2018-08-29,2018-10-17,,north kingstown,Solar,,,10.0,,
777,withdrawn,2018-08-29,2019-10-17,,north kingstown,Solar,,,40.0,,
778,operational,2018-08-31,,,norfolk,Solar,Battery,,5.4,,
779,operational,2018-09-04,,2021-08-03,worcester,Solar,Battery,,10.0,,
780,active,2018-09-11,,,middlesex,Gas,Solar,Battery,7.8,,
782,withdrawn,2018-09-13,,,,Offshore Wind,,,352.0,,
781,active,2018-09-13,,,,Offshore Wind,,,704.0,,
784,operational,2018-09-18,,2020-03-01,new haven,Oil,,,877.0,,
786,active,2018-09-25,,,york,Solar,,,20.0,,
785,active,2018-09-25,,,belknap,Solar,,,20.0,,
787,active,2018-09-26,,,windham,Solar,,,20.0,,
788,withdrawn,2018-09-28,,,new london,Solar,,,20.0,,
789,active,2018-09-28,,,newport,Gas,,,9.1,,
790,withdrawn,2018-10-11,,,coos,Solar,,,15.0,,
792,withdrawn,2018-10-19,,,,Offshore Wind,,,805.0,,
791,withdrawn,2018-10-19,,,,Offshore Wind,,,805.0,,
795,withdrawn,2018-10-26,,,north kingstown,Solar,,,56.0,,
794,active,2018-10-26,,,north kingstown,Solar,,,10.0,,
796,withdrawn,2018-10-26,,,hartford,Solar,,,50.0,,
793,active,2018-10-26,,,north kingstown,Solar,,,40.0,,
797,active,2018-11-05,,,worcester,Solar,,,8.1,,
798,withdrawn,2018-11-08,,,androscoggin,Solar,,,15.0,,
799,withdrawn,2018-11-16,,,sullivan,Solar,,,10.0,,
801,withdrawn,2018-11-30,,,cheshire,Solar,,,14.0,,
800,withdrawn,2018-11-30,,,somerset,Solar,,,20.0,,
802,withdrawn,2018-12-04,,,hartford,Landfill,,,16.0,,
803,withdrawn,2018-12-06,,,york,Solar,,,50.0,,
805,active,2018-12-10,,,middletown,Solar,,,11.0,,
804,withdrawn,2018-12-10,,,windham,Solar,,,5.0,,
806,active,2018-12-11,,,,Offshore Wind,,,827.0,,
807,active,2018-12-13,,,addison,Solar,,,50.0,,
813,active,2018-12-14,,,worcester,Solar,,,3.9,,
817,active,2018-12-14,,,worcester,Solar,,,6.0,,
815,active,2018-12-14,,,worcester,Solar,,,14.0,,
822,withdrawn,2018-12-14,2021-10-20,,worcester,Solar,,,2.5,,
810,operational,2018-12-14,,2020-03-05,worcester,Solar,,,3.3,,
826,operational,2018-12-14,,,franklin,Solar,,,15.0,,
823,active,2018-12-14,,,hampden,Solar,,,12.0,,
809,operational,2018-12-14,,2021-08-08,hampden,Solar,,,8.0,,
812,active,2018-12-14,,,worcester,Solar,,,8.0,,
808,active,2018-12-14,,,worcester,Solar,,,12.0,,
824,active,2018-12-14,,,hampshire,Solar,,,13.0,,
811,operational,2018-12-14,,,worcester,Solar,,,25.0,,
814,operational,2018-12-14,,2021-07-29,hampshire,Solar,,,3.0,,
816,operational,2018-12-14,,2021-05-31,worcester,Solar,,,2.6,,
820,active,2018-12-14,,,hampden,Solar,,,18.0,,
825,withdrawn,2018-12-14,,,worcester,Solar,,,9.0,,
827,operational,2018-12-14,,2021-06-07,worcester,Solar,,,4.9,,
818,active,2018-12-14,,,worcester,Solar,,,13.0,,
819,operational,2018-12-14,,,worcester,Solar,,,8.7,,
830,withdrawn,2018-12-19,,,,Offshore Wind,,,860.0,,
829,withdrawn,2018-12-19,,,,Offshore Wind,,,400.0,,
831,withdrawn,2018-12-21,,,windham,Battery,,,200.0,,
832,withdrawn,2019-01-04,,,plymouth,Battery,,,150.0,,
833,active,2019-01-09,,,hancock,Solar,,,100.0,,
834,operational,2019-01-17,,2022-05-13,n. smithfield,Solar,,,38.0,,
835,active,2019-01-22,,,norfolk,Solar,,,5.0,,
836,active,2019-01-31,,,cranston,Solar,,,6.3,,
839,operational,2019-02-25,,2023-03-17,kent,Solar,,,20.0,,
838,active,2019-02-25,,,kent,Solar,,,9.8,,
842,operational,2019-03-05,,2021-09-25,pisataquis,Solar,,,20.0,,
843,withdrawn,2019-03-07,,,essex,Solar,,,12.0,,
844,active,2019-03-13,,,norfolk,Battery,,,250.0,,
845,withdrawn,2019-03-18,,,windham,Solar,,,20.0,,
847,withdrawn,2019-03-19,,,essex,Battery,,,150.0,,
846,withdrawn,2019-03-19,,,,Offshore Wind,,,840.0,,
848,active,2019-03-21,,,berkshire,Solar,,,11.0,,
866,withdrawn,2019-03-21,,,worcester,Solar,,,27.0,,
854,operational,2019-03-21,,2021-04-30,worcester,Solar,,,9.5,,
857,withdrawn,2019-03-21,,,worcester,Solar,,,71.0,,
853,active,2019-03-21,,,hampden,Solar,,,9.0,,
865,active,2019-03-21,,,hampden,Solar,,,13.0,,
858,withdrawn,2019-03-21,,,worcester,Solar,,,2.0,,
855,active,2019-03-21,,,worcester,Solar,,,14.0,,
859,withdrawn,2019-03-21,,,worcester,Solar,,,2.0,,
862,withdrawn,2019-03-21,2021-10-20,,worcester,Solar,,,20.0,,
864,active,2019-03-21,,,worcester,Solar,,,17.0,,
850,operational,2019-03-21,,2021-09-08,berkshire,Solar,,,2.5,,
860,active,2019-03-21,,,hampshire,Solar,,,20.0,,
851,withdrawn,2019-03-21,,,worcester,Solar,,,24.0,,
861,active,2019-03-21,,,worcester,Solar,,,25.0,,
863,operational,2019-03-21,,2019-09-19,worcester,Solar,,,2.2,,
867,operational,2019-03-21,,2020-12-03,hampden,Solar,,,4.0,,
852,active,2019-03-21,,,worcester,Solar,,,4.9,,
849,active,2019-03-21,,,worcester,Solar,,,5.0,,
856,withdrawn,2019-03-21,,,worcester,Solar,,,21.0,,
868,active,2019-03-25,,,sullivan,Solar,,,15.0,,
869,active,2019-03-26,,,providence,Solar,,,6.2,,
870,active,2019-03-26,,,providence,Solar,,,6.2,,
871,withdrawn,2019-03-28,,,grafton,Battery,,,100.0,,
872,withdrawn,2019-04-01,,,washington,Battery,,,180.0,,
874,active,2019-04-08,,,cumberland,Battery,,,175.0,,
876,withdrawn,2019-04-11,2021-12-20,,bristol,Battery,,,246.0,,
877,active,2019-04-11,,,norfolk,Battery,,,170.0,,
878,withdrawn,2019-04-15,,,sullivan,Solar,,,20.0,,
879,withdrawn,2019-04-15,,,middlesex,Oil,,,378.0,,
880,withdrawn,2019-04-17,,,penobscot,Oil,,,24.0,,
883,active,2019-04-24,,,middlesex,Oil,,,269.0,,
885,withdrawn,2019-04-25,,,hartford,Gas,,,20.0,,
887,withdrawn,2019-04-26,2023-11-14,,plymouth,Battery,,,150.0,,
886,withdrawn,2019-04-26,,,norfolk,Battery,,,200.0,,
888,operational,2019-04-26,,,penobscot,Hydro,,,126.0,,
892,active,2019-06-05,,,hartford,Solar,,,50.0,,
893,withdrawn,2019-06-07,2021-10-20,,,Offshore Wind,,,1200.0,,
894,withdrawn,2019-06-10,,,middlesex,Oil,,,378.0,,
895,withdrawn,2019-06-27,,,tolland,Gas,,,43.0,,
896,active,2019-07-17,,,york,Solar,,,20.0,,
897,withdrawn,2019-07-26,,,grafton,Solar,,,60.0,,
898,withdrawn,2019-07-26,,,grafton,Solar,,,33.0,,
904,active,2019-08-01,,,kennebec,Battery,,,14.0,,
906,operational,2019-08-01,,2022-07-14,york,Solar,,,4.8,,
909,active,2019-08-01,,,,Offshore Wind,,,814.0,,
905,active,2019-08-01,,,cumberland,Battery,,,10.0,,
907,withdrawn,2019-08-01,2019-10-17,,androscoggin,Solar,,,5.0,,
902,operational,2019-08-01,,2021-07-02,kennebec,Solar,,,7.2,,
901,operational,2019-08-01,,2021-06-14,oxford,Solar,,,4.6,,
903,operational,2019-08-01,,2022-07-13,kennebec,Solar,,,7.0,,
908,withdrawn,2019-08-01,2019-10-17,,somerset,Solar,,,9.0,,
900,operational,2019-08-01,,2021-06-14,oxford,Solar,,,4.6,,
910,active,2019-08-15,,,york,Solar,,,20.0,,
911,withdrawn,2019-08-22,,,oxford,Solar,,,35.0,,
912,operational,2019-08-23,,,new london,Fuel Cell,,,10.0,,
919,withdrawn,2019-08-29,2019-10-17,,knox,Solar,Battery,,5.0,,
915,withdrawn,2019-08-29,2019-10-17,,oxford,Solar,Battery,,5.0,,
916,withdrawn,2019-08-29,2019-10-17,,cumberland,Solar,Battery,,5.0,,
913,withdrawn,2019-08-29,2019-10-17,,androscoggin,Solar,,,10.0,,
921,withdrawn,2019-08-29,2019-10-17,,york,Solar,Battery,,9.4,,
918,withdrawn,2019-08-29,2019-10-17,,howard,Solar,Battery,,5.0,,
920,withdrawn,2019-08-29,2019-10-17,,york,Solar,Battery,,12.0,,
917,withdrawn,2019-08-29,2019-10-17,,androscoggin,Solar,Battery,,7.5,,
914,withdrawn,2019-08-29,2019-10-17,,androscoggin,Solar,,,5.0,,
922,withdrawn,2019-09-03,,,,Offshore Wind,,,600.0,,
923,active,2019-09-03,,,androscoggin,Solar,,,20.0,,
926,withdrawn,2019-09-11,,,,Offshore Wind,,,871.0,,
927,active,2019-09-16,,,,Offshore Wind,,,1200.0,,
928,withdrawn,2019-10-09,2023-11-27,,somerset,Solar,,,20.0,,
929,active,2019-10-15,,,york,Solar,,,20.0,,
930,operational,2019-10-17,,2022-05-26,new london,Nuclear,,,1262.0,,
931,active,2019-10-22,,,oxford,Solar,,,55.0,,
932,withdrawn,2019-10-22,2022-11-23,,carroll,Solar,,,110.0,,
934,active,2019-10-25,,,merrimack,Solar,,,18.0,,
936,withdrawn,2019-10-30,,,coos,Solar,,,45.0,,
935,active,2019-10-30,,,cumberland,Solar,,,17.0,,
938,withdrawn,2019-11-21,,,merrimack,Solar,,,35.0,,
939,active,2019-11-25,,,hartford,Gas,,,20.0,,
940,active,2019-12-02,,,hartford,Solar,,,75.0,,
941,active,2019-12-10,,,newport,Solar,,,3.4,,
942,active,2019-12-10,,,newport,Solar,,,8.4,,
943,withdrawn,2019-12-12,2021-11-12,,androscoggin,Solar,,,15.0,,
945,operational,2019-12-18,,2021-06-05,penobscot,Oil,,,8.0,,
944,active,2019-12-18,,,,Offshore Wind,,,1200.0,,
946,withdrawn,2019-12-27,,,york,Solar,,,18.0,,
947,withdrawn,2020-01-07,,,androscoggin,Battery,,,200.0,,
948,withdrawn,2020-01-10,,,grafton,Solar,,,51.0,,
950,withdrawn,2020-01-20,,,oxford,Solar,,,17.0,,
949,active,2020-01-23,,,fairfield,Gas,,,9.7,,
951,active,2020-02-03,,,androscoggin,Hydro,,,28.0,,
952,withdrawn,2020-02-18,,,androscoggin,Solar,,,5.0,,
953,active,2020-02-19,,,androscoggin,Solar,,,20.0,,
954,operational,2020-03-05,,2021-05-31,newport,Gas,,,306.0,,
956,active,2020-03-16,,,rockingham,Solar,,,10.0,,
968,active,2020-03-18,,,providence,Solar,,,5.6,,
965,active,2020-03-18,,,kent,Solar,,,10.0,,
966,active,2020-03-18,,,kent,Solar,,,3.0,,
969,active,2020-03-18,,,washington,Solar,,,2.0,,
962,active,2020-03-18,,,kent,Solar,,,3.8,,
964,active,2020-03-18,,,washington,Solar,,,3.5,,
961,active,2020-03-18,,,providence,Solar,,,2.2,,
963,active,2020-03-18,,,providence,Solar,,,4.3,,
967,active,2020-03-18,,,washington,Solar,,,4.4,,
958,active,2020-03-18,,,washington,Solar,,,6.5,,
960,active,2020-03-18,,,washington,Solar,,,6.3,,
970,active,2020-03-18,,,washington,Solar,,,7.8,,
957,active,2020-03-18,,,washington,Solar,,,6.8,,
959,active,2020-03-18,,,washington,Solar,,,6.8,,
978,active,2020-03-25,,,bristol,Solar,,,5.1,,
976,active,2020-03-25,,,bristol,Solar,Battery,,11.0,,
973,active,2020-03-25,,,plymouth,Solar,Battery,,9.8,,
974,active,2020-03-25,,,bristol,Solar,Battery,,5.0,,
977,active,2020-03-25,,,plymouth,Solar,Battery,,55.0,,
972,operational,2020-03-25,,,oxford,Gas,,,280.0,,
971,operational,2020-03-25,,2021-07-12,fairfield,Gas,,,588.0,,
975,active,2020-03-25,,,plymouth,Solar,Battery,,20.0,,
980,withdrawn,2020-03-26,,,sullivan,Solar,,,20.0,,
981,operational,2020-03-27,,,fairfield,Oil,,,533.0,,
982,active,2020-03-30,,,litchfield,Wind,,,3.8,,
983,withdrawn,2020-03-31,,,androscoggin,Solar,,,40.0,,
984,withdrawn,2020-04-01,,,middlesex,Battery,,,150.0,,
985,withdrawn,2020-04-02,,,washington,Solar,,,4.0,,
986,active,2020-04-07,,,penobscot,Solar,,,20.0,,
995,active,2020-04-09,,,norfolk,Solar,Battery,,5.0,,
1003,active,2020-04-09,,,plymouth,Solar,Battery,,25.0,,
1004,active,2020-04-09,,,barnstable,Solar,Battery,,12.0,,
999,active,2020-04-09,,,bristol,Solar,Battery,,28.0,,
991,active,2020-04-09,,,franklin,Solar,,,2.5,,
1008,active,2020-04-09,,,plymouth,Solar,Battery,,44.0,,
993,active,2020-04-09,,,plymouth,Solar,Battery,,2.0,,
989,active,2020-04-09,,,hampden,Solar,,,12.0,,
1002,active,2020-04-09,,,plymouth,Solar,,,2.8,,
1005,active,2020-04-09,,,plymouth,Solar,Battery,,34.0,,
1006,active,2020-04-09,,,barnstable,Solar,Battery,,10.0,,
1007,active,2020-04-09,,,plymouth,Solar,Battery,,48.0,,
1009,active,2020-04-09,,,bristol,Solar,Battery,,19.0,,
1001,active,2020-04-09,,,bristol,Solar,Battery,,29.0,,
997,active,2020-04-09,,,middlesex,Solar,Battery,,7.5,,
996,active,2020-04-09,,,bristol,Solar,Battery,,9.5,,
1000,active,2020-04-09,,,barnstable,Solar,Battery,,3.2,,
990,active,2020-04-09,,,berkshire,Solar,,,4.9,,
998,active,2020-04-09,,,barnstable,Solar,Battery,,8.0,,
992,active,2020-04-09,,,bristol,Solar,Battery,,7.0,,
994,active,2020-04-09,,,middlesex,Solar,Battery,,5.5,,
1011,withdrawn,2020-04-20,,,suffolk,Gas,,,850.0,,
1012,withdrawn,2020-04-20,,,suffolk,Gas,,,850.0,,
1014,withdrawn,2020-04-22,,,penobscot,Battery,,,112.0,,
1015,withdrawn,2020-04-22,,,penobscot,Battery,,,112.0,,
1013,active,2020-04-22,,,sagadahoc,Solar,,,17.0,,
1024,active,2020-04-24,,,barnstable,Solar,Battery,,4.8,,
1019,withdrawn,2020-04-24,,,penobscot,Battery,,,20.0,,
1023,withdrawn,2020-04-24,,,bristol,Solar,Battery,,2.4,,
1017,active,2020-04-24,,,new haven,Battery,,,200.0,,
1022,operational,2020-04-24,,2022-02-15,plymouth,Solar,Battery,,0.0,,
1016,active,2020-04-24,,,hillsborough,Solar,,,16.0,,
1021,active,2020-04-27,,,york,Solar,,,16.0,,
1025,withdrawn,2020-04-27,,,androscoggin,Solar,,,20.0,,
1026,withdrawn,2020-05-08,,,oxford,Solar,,,90.0,,
1027,withdrawn,2020-05-14,,,berkshire,Solar,Battery,,2.0,,
1028,active,2020-05-28,,,somerset,Wind,,,59.0,,
1029,active,2020-05-29,,,penobscot,Solar,,,120.0,,
1030,active,2020-06-02,,,hartford,Solar,,,120.0,,
1031,withdrawn,2020-06-18,2022-10-19,,hampshire,Solar,,,40.0,,
1032,active,2020-06-23,,,bristol,Solar,Battery,,12.0,,
1033,active,2020-06-24,,,ellington,Solar,,,6.0,,
1035,withdrawn,2020-06-29,,,coos,Solar,,,60.0,,
1034,withdrawn,2020-06-29,,,coos,Solar,,,60.0,,
1036,withdrawn,2020-07-20,,,carroll,Solar,Battery,,85.0,,
1037,withdrawn,2020-08-04,,,suffolk,Battery,,,700.0,,
1038,active,2020-08-07,,,merrimack,Solar,,,76.0,,
1046,active,2020-08-19,,,povidence,Solar,,,4.9,,
1049,withdrawn,2020-08-19,,,washington,Solar,,,4.0,,
1048,withdrawn,2020-08-19,,,kent,Solar,,,4.9,,
1040,active,2020-08-19,,,providence,Solar,,,8.0,,
1039,active,2020-08-19,,,kent,Solar,,,6.9,,
1042,active,2020-08-19,,,washington,Solar,,,34.0,,
1041,active,2020-08-19,,,kent,Solar,,,50.0,,
1053,withdrawn,2020-08-19,,,washington,Solar,,,4.9,,
1054,active,2020-08-19,,,washington,Solar,,,9.8,,
1045,active,2020-08-19,,,kent,Solar,,,3.5,,
1047,active,2020-08-19,,,kent,Solar,,,14.0,,
1052,withdrawn,2020-08-19,,,washington,Solar,,,1.6,,
1044,active,2020-08-19,,,kent,Solar,,,5.0,,
1050,active,2020-08-19,,,providence,Solar,,,3.0,,
1051,active,2020-08-19,,,washington,Solar,,,3.1,,
1043,active,2020-08-19,,,washington,Solar,,,7.3,,
1055,active,2020-08-26,,,new haven,Gas,,,14.0,,
1057,withdrawn,2020-08-28,,,middlesex,Battery,,,500.0,,
1056,withdrawn,2020-08-28,,,new haven,Battery,,,50.0,,
1058,active,2020-09-09,,,,Offshore Wind,,,1267.0,,
1059,withdrawn,2020-09-09,2022-12-13,,,Offshore Wind,,,1279.0,,
1060,active,2020-09-09,,,,Offshore Wind,,,1200.0,,
1061,withdrawn,2020-09-10,,,hartford,Solar,,,135.0,,
1062,withdrawn,2020-09-10,,,fairfield,Battery,,,100.0,,
1063,operational,2020-09-15,,,berkshire,Solar,Battery,,10.0,,
1064,withdrawn,2020-09-17,,,washington,Solar,,,12.0,,
1065,withdrawn,2020-09-25,,,penobscot,Solar,,,100.0,,
1067,operational,2020-10-02,,2022-05-03,kennebec,Solar,Battery,,3.8,,
1070,operational,2020-10-02,,,kennebec,Solar,Battery,,4.3,,
1079,active,2020-10-02,,,kennebec,Solar,,,2.5,,
1073,operational,2020-10-02,,2022-06-28,kennebec,Solar,,,3.3,,
1066,active,2020-10-02,,,kennebec,Solar,,,2.0,,
1075,active,2020-10-02,,,sagadahoc,Solar,,,1.8,,
1077,active,2020-10-02,,,kennebec,Solar,,,4.9,,
1069,operational,2020-10-02,,2022-03-25,kennebec,Solar,,,4.0,,
1072,active,2020-10-02,,,kennebec,Solar,,,1.7,,
1074,operational,2020-10-02,,2023-03-28,kennebec,Solar,Battery,,9.5,,
1071,operational,2020-10-02,,,kennebec,Solar,Battery,,9.9,,
1078,active,2020-10-02,,,kennebec,Solar,,,4.9,,
1076,active,2020-10-02,,,kennebec,Solar,Battery,,5.0,,
1068,active,2020-10-02,,,kennebec,Solar,,,10.0,,
1080,active,2020-10-08,,,oxford,Solar,,,67.0,,
1081,withdrawn,2020-10-09,2020-10-21,,penobscot,Solar,,,100.0,,
1082,withdrawn,2020-10-29,,,middlesex,Battery,,,204.0,,
1083,withdrawn,2020-10-29,2020-11-30,,middlesex,Battery,,,204.0,,
1084,withdrawn,2020-11-04,,,kennebec,Battery,,,102.0,,
1085,withdrawn,2020-11-17,,,penobscot,Solar,,,100.0,,
1086,active,2020-11-30,,,knox,Solar,,,75.0,,
1088,withdrawn,2020-12-07,,,grafton,Solar,,,27.0,,
1087,active,2020-12-17,,,somerset,Solar,,,18.0,,
1089,active,2021-01-08,,,new haven,Battery,,,205.0,,
1091,withdrawn,2021-01-14,,,providence,Battery,,,50.0,,
1092,active,2021-01-20,,,hartford,Solar,,,26.0,,
1094,active,2021-02-04,,,kennebec,Solar,Battery,,18.0,,
1095,active,2021-02-04,,,somerset,Solar,,,29.0,,
1096,active,2021-02-04,,,somerset,Solar,Battery,,19.0,,
1097,active,2021-02-15,,,androscoggin,Solar,,,179.0,,
1100,active,2021-02-19,,,somerset,Solar,,,165.0,,
1099,withdrawn,2021-02-19,2022-12-15,,knox,Solar,,,31.0,,
1098,active,2021-02-19,,,hancock,Solar,,,51.0,,
1102,withdrawn,2021-03-01,2021-11-26,,kent,Battery,,,200.0,,
1103,operational,2021-03-10,,,coos,Hydro,,,44.0,,
1104,operational,2021-03-11,,2023-04-20,york,Hydro,,,26.0,,
1106,withdrawn,2021-03-15,,,franklin,Battery,,,55.0,,
1108,active,2021-03-15,,,plymouth,Battery,,,189.0,,
1105,withdrawn,2021-03-15,2021-10-20,,worcester,Battery,,,105.0,,
1107,active,2021-03-16,,,plymouth,Battery,,,182.0,,
1109,active,2021-03-17,,,,Offshore Wind,,,1314.0,,
1110,active,2021-03-18,,,middlesex,Battery,,,204.0,,
1111,withdrawn,2021-03-22,,,norfolk,Battery,,,20.0,,
1113,operational,2021-03-24,,2023-05-05,oxford,Hydro,,,53.0,,
1112,active,2021-03-24,,,franklin,Battery,,,105.0,,
1114,withdrawn,2021-04-01,,,somerset,Solar,,,103.0,,
1115,active,2021-04-08,,,suffolk,Battery,,,250.0,,
1116,active,2021-04-13,,,,Offshore Wind,,,1200.0,,
1119,withdrawn,2021-04-14,,,,Offshore Wind,,,1320.0,,
1118,active,2021-04-14,,,,Offshore Wind,,,1200.0,,
1120,withdrawn,2021-04-14,,,windham,Battery,,,205.0,,
1117,active,2021-04-15,,,hampden,Battery,,,202.0,,
1121,active,2021-04-16,,,,Offshore Wind,,,1200.0,,
1122,withdrawn,2021-04-19,,,addison,Battery,,,20.0,,
1124,withdrawn,2021-04-21,,,hampden,Battery,,,108.0,,
1126,withdrawn,2021-04-21,,,barnstable,Solar,Battery,,4.0,,
1128,withdrawn,2021-04-21,,,berkshire,Solar,Battery,,4.5,,
1125,withdrawn,2021-04-21,,,somerset,Solar,,,72.0,,
1127,withdrawn,2021-04-21,,,barnstable,Solar,Battery,,1.0,,
1129,withdrawn,2021-04-22,,,bristol,Solar,Battery,,2.5,,
1131,withdrawn,2021-04-23,,,barnstable,Solar,Battery,,9.9,,
1130,withdrawn,2021-04-23,,,franklin,Solar,Battery,,2.0,,
1132,withdrawn,2021-04-23,,,hampshire,Solar,Battery,,3.0,,
1134,active,2021-05-06,,,new london,Gas,,,11.0,,
1135,withdrawn,2021-05-13,,,coos,Solar,Battery,,113.0,,
1136,active,2021-05-20,,,strafford,Solar,,,20.0,,
1137,active,2021-05-25,,,providence,Solar,,,9.5,,
1138,active,2021-06-03,,,windham,Solar,,,50.0,,
1139,active,2021-06-04,,,androscoggin,Solar,,,20.0,,
1143,active,2021-06-15,,,middlesex,Battery,,,508.0,,
1144,withdrawn,2021-06-17,2021-10-26,,dukes,Solar,Battery,,1.0,,
1145,active,2021-07-07,,,hancock,Solar,,,21.0,,
1146,active,2021-07-07,,,oxford,Solar,,,41.0,,
1147,active,2021-07-08,,,rensselaer,Solar,,,20.0,,
1148,active,2021-07-12,,,suffolk,Battery,,,301.0,,
1149,active,2021-07-23,,,franklin,Hydro,,,7.0,,
1150,withdrawn,2021-07-29,,,,Offshore Wind,,,12.0,,
1152,withdrawn,2021-08-04,,,hampshire,Solar,Battery,,10.0,,
1151,active,2021-08-04,,,oxford,Solar,Battery,,0.0,,
1153,withdrawn,2021-08-11,,,,Offshore Wind,,,440.0,,
1154,active,2021-08-11,,,,Offshore Wind,,,856.0,,
1155,withdrawn,2021-08-16,,,hartford,Solar,,,101.0,,
1156,withdrawn,2021-08-16,,,hartford,Solar,,,101.0,,
1159,withdrawn,2021-08-27,,,suffolk,Battery,,,276.0,,
1160,withdrawn,2021-08-31,,,berkshire,Solar,Battery,,4.5,,
1161,withdrawn,2021-09-08,,,berkshire,Solar,Battery,,3.6,,
1162,withdrawn,2021-09-21,,,windham,Solar,Battery,,96.0,,
1163,active,2021-09-22,,,washington,Battery,,,205.0,,
1164,withdrawn,2021-09-23,,,coos,Solar,,,20.0,,
1168,active,2021-10-04,,,hartford,Gas,,,8.7,,
1166,active,2021-10-04,,,new haven,Battery,,,20.0,,
1167,withdrawn,2021-10-04,,,windham,Solar,,,4.0,,
1165,active,2021-10-22,,,hancock,Solar,,,0.0,,
1170,withdrawn,2021-10-22,2023-10-11,,franklin,Battery,,,100.0,,
1169,active,2021-10-22,,,oxford,Solar,,,2.0,,
1171,active,2021-10-25,,,oxford,Wind,,,20.0,,
1184,active,2021-10-27,,,worcester,Solar,Battery,,28.0,,
1186,active,2021-10-27,,,worcester,Battery,,,10.0,,
1178,active,2021-10-27,,,worcester,Solar,Battery,,5.8,,
1188,active,2021-10-27,,,hampshire,Solar,Battery,,11.0,,
1175,active,2021-10-27,,,worcester,Solar,Battery,,5.0,,
1179,active,2021-10-27,,,worcester,Solar,Battery,,14.0,,
1187,active,2021-10-27,,,worcester,Battery,,,20.0,,
1189,active,2021-10-27,,,franklin,Solar,Battery,,28.0,,
1174,active,2021-10-27,,,worcester,Battery,,,8.0,,
1177,active,2021-10-27,,,worcester,Battery,,,15.0,,
1182,active,2021-10-27,,,worcester,Battery,,,15.0,,
1172,active,2021-10-27,,,merrimack,Solar,Battery,,122.0,,
1183,active,2021-10-27,,,worcester,Solar,Battery,,5.0,,
1185,active,2021-10-27,,,worcester,Solar,Battery,,22.0,,
1180,active,2021-10-27,,,worcester,Solar,Battery,,12.0,,
1181,active,2021-10-27,,,worcester,Solar,Battery,,20.0,,
1173,active,2021-10-27,,,worcester,Solar,Battery,,12.0,,
1176,active,2021-10-27,,,worcester,Solar,Battery,,35.0,,
1190,active,2021-10-28,,,knox,Solar,,,34.0,,
1191,withdrawn,2021-11-03,,,berkshire,Hydro,,,333.0,,
1192,active,2021-11-04,,,hartford,Solar,,,101.0,,
1193,active,2021-11-09,,,windham,Battery,,,325.0,,
1194,operational,2021-11-09,,2021-11-09,berkshire,Hydro,,,333.0,,
1196,withdrawn,2021-12-14,,,hampden,Battery,,,100.0,,
1197,active,2021-12-20,,,bristol,Battery,,,150.0,,
1200,active,2021-12-28,,,hartford,Solar,,,4.0,,
1203,active,2021-12-28,,,hartford,Solar,,,1.9,,
1202,active,2021-12-28,,,tolland,Solar,,,4.0,,
1201,active,2021-12-28,,,hartford,Solar,,,2.0,,
1199,active,2021-12-28,,,tolland,Solar,,,4.0,,
1204,active,2021-12-28,,,putnam,Solar,,,1.8,,
1205,active,2021-12-30,,,hartford,Solar,,,2.0,,
1206,withdrawn,2021-12-30,,,berkshire,Battery,,,200.0,,
1207,withdrawn,2021-12-30,,,barnstable,Battery,,,200.0,,
1209,withdrawn,2021-12-30,,,providence,Battery,,,170.0,,
1208,withdrawn,2021-12-30,,,new haven,Battery,,,160.0,,
1198,active,2021-12-30,,,bristol,Battery,,,242.0,,
1210,active,2022-01-07,,,aroostook,Wind,,,572.0,,
1211,active,2022-01-10,,,aroostook,Wind,,,527.0,,
1218,active,2022-01-14,,,franklin,Solar,Battery,,9.9,,
1214,active,2022-01-14,,,middlesex,Solar,Battery,,17.0,,
1216,active,2022-01-14,,,hampden,Solar,Battery,,7.7,,
1219,active,2022-01-14,,,franklin,Solar,Battery,,8.9,,
1217,active,2022-01-14,,,franklin,Solar,Battery,,2.5,,
1212,active,2022-01-14,,,middlesex,Solar,Battery,,3.9,,
1220,active,2022-01-14,,,berkshire,Solar,Battery,,7.0,,
1222,active,2022-01-14,,,hampden,Solar,Battery,,7.7,,
1221,active,2022-01-14,,,hampden,Solar,Battery,,5.0,,
1213,active,2022-01-14,,,middlesex,Battery,,,5.0,,
1215,active,2022-01-14,,,middlesex,Solar,Battery,,8.5,,
1223,withdrawn,2022-01-18,,,worcester,Battery,,,10.0,,
1224,withdrawn,2022-01-25,,,worcester,Solar,Battery,,1.0,,
1225,active,2022-02-03,,,,Offshore Wind,,,1200.0,,
1229,withdrawn,2022-02-22,,,hampshire,Solar,Battery,,3.0,,
1232,active,2022-03-04,,,providence,Battery,,,27.0,,
1226,active,2022-03-04,,,sullivan,Solar,,,5.0,,
1233,withdrawn,2022-03-14,,,bristol,Battery,,,20.0,,
1235,withdrawn,2022-03-14,,,bristol,Battery,,,20.0,,
1234,withdrawn,2022-03-14,,,bristol,Battery,,,20.0,,
1238,active,2022-03-22,,,norfolk,Battery,,,301.0,,
1240,active,2022-03-25,,,kent,Battery,,,63.0,,
1239,active,2022-03-25,,,oxford,Solar,Battery,,184.0,,
1241,active,2022-03-28,,,york,Solar,Battery,,66.0,,
1242,active,2022-03-28,,,oxford,Solar,Battery,,88.0,,
1244,withdrawn,2022-03-31,2022-11-14,,franklin,Solar,,,75.0,,
1245,active,2022-03-31,,,hartford,Solar,,,150.0,,
1243,active,2022-03-31,,,aroostook,Solar,,,300.0,,
1246,withdrawn,2022-03-31,,,grafton,Solar,,,150.0,,
1247,active,2022-04-05,,,hartford,Solar,,,25.0,,
1248,active,2022-04-06,,,bristol,Battery,,,155.0,,
1251,withdrawn,2022-04-11,,,hartford,Battery,,,60.0,,
1250,withdrawn,2022-04-14,,,york,Battery,,,51.0,,
1249,withdrawn,2022-04-19,,,new london,Battery,,,16.0,,
1252,active,2022-04-21,,,essex,Battery,,,315.0,,
1255,active,2022-05-02,,,piscataquis,Solar,Battery,,104.0,,
1254,active,2022-05-02,,,york,Solar,Battery,,92.0,,
1256,active,2022-05-03,,,aroostook,Wind,,,905.0,,
1257,active,2022-05-03,,,aroostook,Solar,,,319.0,,
1259,active,2022-05-06,,,berkshire,Battery,,,20.0,,
1261,active,2022-05-06,,,oxford,Solar,Battery,,160.0,,
1260,withdrawn,2022-05-06,,,hampden,Solar,Battery,,2.7,,
1262,active,2022-05-17,,,middlesex,Battery,,,81.0,,
1264,operational,2022-05-19,,2023-01-06,berkshire,Hydro,,,333.0,,
1267,withdrawn,2022-05-20,,,new london,Battery,,,52.0,,
1266,active,2022-05-23,,,hartford,Battery,,,100.0,,
1289,active,2022-06-08,,,middlesex,Solar,Battery,,7.0,,
1276,active,2022-06-08,,,barnstable,Solar,Battery,,3.5,,
1278,active,2022-06-08,,,barnstable,Solar,Battery,,4.0,,
1274,active,2022-06-08,,,plymouth,Solar,Battery,,1.7,,
1284,active,2022-06-08,,,barnstable,Solar,Battery,,10.0,,
1279,active,2022-06-08,,,barnstable,Solar,Battery,,18.0,,
1280,active,2022-06-08,,,barnstable,Solar,Battery,,5.0,,
1288,active,2022-06-08,,,barnstable,Solar,Battery,,4.1,,
1290,active,2022-06-08,,,bristol,Solar,Battery,,15.0,,
1282,active,2022-06-08,,,plymouth,Solar,Battery,,4.6,,
1286,active,2022-06-08,,,plymouth,Solar,Battery,,5.0,,
1281,active,2022-06-08,,,bristol,Solar,Battery,,17.0,,
1275,active,2022-06-08,,,plymouth,Solar,Battery,,6.8,,
1273,active,2022-06-08,,,norfolk,Solar,Battery,,5.0,,
1272,active,2022-06-08,,,hampden,Battery,,,45.0,,
1285,active,2022-06-08,,,barnstable,Solar,Battery,,4.6,,
1283,active,2022-06-08,,,barnstable,Solar,Battery,,1.5,,
1277,active,2022-06-08,,,bristol,Solar,Battery,,3.0,,
1287,active,2022-06-08,,,plymouth,Solar,Battery,,3.7,,
1263,withdrawn,2022-07-01,,,hampshire,Battery,,,0.0,,
1292,withdrawn,2022-07-12,,,worcester,Battery,,,95.0,,
1294,withdrawn,2022-07-27,,,washington,Solar,,,75.0,,
1295,active,2022-08-03,,,aroostook,Solar,Battery,,205.0,,
1296,active,2022-08-10,,,hartford,Battery,,,125.0,,
1297,withdrawn,2022-08-15,,,,Offshore Wind,,,1200.0,,
1298,active,2022-08-16,,,worcester,Battery,,,158.0,,
1299,active,2022-08-18,,,hancock,Solar,,,75.0,,
1300,withdrawn,2022-08-19,,,bristol,Solar,Battery,,2.5,,
1301,withdrawn,2022-09-06,,,worcester,Battery,,,10.0,,
1304,active,2022-09-09,,,worcester,Battery,,,5.0,,
1308,active,2022-09-09,,,worcester,Battery,,,7.0,,
1307,active,2022-09-09,,,worcester,Battery,,,4.9,,
1306,active,2022-09-09,,,worcester,Battery,,,4.9,,
1305,active,2022-09-09,,,worcester,Solar,Battery,,1.5,,
1302,withdrawn,2022-09-22,,,franklin,Battery,,,8.5,,
1303,withdrawn,2022-09-22,,,franklin,Battery,,,12.0,,
1310,withdrawn,2022-09-23,,,berkshire,Battery,,,119.0,,
1314,active,2022-09-26,,,,Offshore Wind,,,470.0,,
1315,active,2022-09-28,,,windham,Battery,,,107.0,,
1316,withdrawn,2022-09-30,,,cheshire,Solar,Battery,,102.0,,
1319,active,2022-10-07,,,litchfield,Battery,,,142.0,,
1320,active,2022-10-07,,,worcester,Battery,,,217.0,,
1324,active,2022-10-18,,,providence,Battery,,,55.0,,
1325,active,2022-10-19,,,providence,Battery,,,308.0,,
1326,withdrawn,2022-10-19,2023-10-13,,kent,Battery,,,40.0,,
1327,withdrawn,2022-10-20,,,norfolk,Battery,,,270.0,,
1329,withdrawn,2022-10-24,,,grafton,Solar,,,54.0,,
1328,withdrawn,2022-10-24,,,grafton,Solar,,,21.0,,
1330,withdrawn,2022-11-01,2022-12-16,,sullivan,Solar,,,47.0,,
1331,withdrawn,2022-11-02,2023-12-19,,hampden,Battery,,,300.0,,
1335,active,2022-11-10,,,bristol,Battery,,,206.0,,
1334,active,2022-11-10,,,new london,Battery,,,93.0,,
1336,active,2022-11-22,,,worcester,Battery,,,130.0,,
1337,withdrawn,2022-11-22,2023-11-17,,berkshire,Battery,,,130.0,,
1338,active,2022-12-06,,,hampden,Battery,,,275.0,,
1339,withdrawn,2022-12-06,,,bristol,Battery,,,257.0,,
1341,withdrawn,2022-12-06,,,bristol,Battery,,,667.0,,
1340,withdrawn,2022-12-06,,,bristol,Battery,,,550.0,,
1343,active,2022-12-19,,,,Offshore Wind,,,1200.0,,
1345,active,2023-01-10,,,new london,Battery,,,75.0,,
1346,active,2023-01-12,,,hartford,Battery,,,196.0,,
1349,active,2023-01-26,,,hartford,Solar,Battery,,5.2,,
1348,active,2023-01-26,,,middlesex,Battery,,,5.1,,
1347,active,2023-01-26,,,hartford,Solar,Battery,,19.0,,
1352,active,2023-02-06,,,new haven,Battery,,,263.0,,
1354,withdrawn,2023-02-06,,,middlesex,Battery,,,289.0,,
1353,active,2023-02-06,,,new london,Battery,,,289.0,,
1355,active,2023-02-06,,,new haven,Battery,,,136.0,,
1351,active,2023-02-06,,,fairfield,Battery,,,156.0,,
1356,active,2023-02-09,,,,Offshore Wind,,,895.0,,
1357,active,2023-02-16,,,hartford,Solar,,,150.0,,
1358,active,2023-02-21,,,hartford,Battery,,,100.0,,
1360,active,2023-02-22,,,middlesex,Battery,,,10.0,,
1359,active,2023-02-22,,,hartford,Fuel Cell,,,1.8,,
1361,withdrawn,2023-02-24,,,,Offshore Wind,,,882.0,,
1362,active,2023-02-24,,,norfolk,Battery,,,603.0,,
1363,active,2023-03-01,,,hampden,Battery,,,301.0,,
1364,active,2023-03-01,,,rockingham,Battery,,,402.0,,
1369,active,2023-03-08,,,somerset,Solar,,,2.0,,
1366,active,2023-03-09,,,fairfield,Battery,,,201.0,,
1365,active,2023-03-09,,,hampden,Battery,,,301.0,,
1368,withdrawn,2023-03-09,,,essex,Battery,,,241.0,,
1367,withdrawn,2023-03-09,2023-11-30,,bristol,Battery,,,271.0,,
1373,active,2023-03-15,,,norfolk,Battery,,,743.0,,
1374,active,2023-03-28,,,merrimack,Battery,,,226.0,,
1376,active,2023-03-29,,,new haven,Battery,,,326.0,,
1375,active,2023-03-29,,,aroostook,Wind,,,217.0,,
1379,active,2023-04-03,,,aroostook,Solar,,,218.0,,
1377,withdrawn,2023-04-03,2023-12-12,,windsor,Battery,,,180.0,,
1378,withdrawn,2023-04-03,2023-12-12,,windsor,Battery,,,105.0,,
1383,withdrawn,2023-04-13,2023-12-15,,penoboscot,Solar,Battery,,139.0,,
1386,active,2023-04-26,,,berkshire,Battery,,,100.0,,
1385,active,2023-04-26,,,worcester,Battery,,,233.0,,
1384,active,2023-04-26,,,worcester,Battery,,,300.0,,
1393,withdrawn,2023-05-03,,,fairfield,Gas,,,233.0,,
1392,active,2023-05-03,,,new haven,Battery,,,54.0,,
1394,active,2023-05-04,,,middlesex,Battery,,,284.0,,
1397,active,2023-05-05,,,worcester,Battery,,,100.0,,
1395,withdrawn,2023-05-05,,,hampshire,Battery,,,20.0,,
1396,active,2023-05-05,,,providence,Battery,,,102.0,,
1398,active,2023-05-08,,,worcester,Battery,,,102.0,,
1399,active,2023-05-18,,,hampden,Battery,,,92.0,,
1400,active,2023-05-18,,,hartford,Battery,,,102.0,,
1402,active,2023-06-07,,,hampden,Battery,,,172.0,,
1403,active,2023-06-09,,,middlesex,Battery,,,305.0,,
1407,active,2023-06-13,,,hampshire,Solar,Battery,,29.0,,
1410,active,2023-06-13,,,hampshire,Battery,,,2.0,,
1408,active,2023-06-13,,,berkshire,Solar,Battery,,4.0,,
1405,active,2023-06-13,,,hampden,Solar,Battery,,7.0,,
1404,active,2023-06-13,,,franklin,Solar,Battery,,2.2,,
1409,active,2023-06-13,,,franklin,Battery,,,5.0,,
1406,active,2023-06-13,,,berkshire,Solar,Battery,,9.1,,
1413,active,2023-06-19,,,hampden,Solar,Battery,,4.0,,
1414,active,2023-06-19,,,hampden,Fuel Cell,,,4.1,,
1415,active,2023-06-20,,,worcester,Battery,,,262.0,,
1412,active,2023-06-20,,,bristol,Battery,,,180.0,,
1417,active,2023-06-26,,,windham,Battery,,,300.0,,
1416,withdrawn,2023-06-26,,,hampshire,Battery,,,196.0,,
1418,withdrawn,2023-06-27,2023-11-30,,providence,Battery,,,109.0,,
1419,active,2023-06-28,,,bristol,Battery,,,109.0,,
1420,active,2023-06-29,,,new london,Battery,,,198.0,,
1421,active,2023-07-06,,,bristol,Battery,,,176.0,,
1422,active,2023-07-07,,,hartford,Battery,,,326.0,,
1424,withdrawn,2023-07-10,,,worcester,Battery,,,41.0,,
1425,active,2023-07-10,,,hampden,Battery,,,152.0,,
1423,active,2023-07-10,,,worcester,Battery,,,202.0,,
1426,active,2023-07-14,,,bristol,Battery,,,530.0,,
1427,active,2023-07-21,,,york,Solar,,,254.0,,
1428,active,2023-07-25,,,rockingham,Solar,,,102.0,,
1429,active,2023-08-08,,,aroostook,Wind,,,197.0,,
1430,active,2023-08-09,,,bristol,Battery,,,238.0,,
1431,active,2023-08-09,,,hartford,Battery,,,7.0,,
1432,active,2023-08-11,,,new london,Battery,,,257.0,,
1434,active,2023-08-15,,,franklin,Battery,,,160.0,,
1433,active,2023-08-15,,,hampden,Battery,,,100.0,,
1436,active,2023-08-29,,,new london,Battery,,,300.0,,
1437,active,2023-08-31,,,new london,Battery,,,104.0,,
1442,active,2023-09-15,,,bristol,Battery,,,152.0,,
1439,active,2023-09-18,,,hampshire,Battery,,,151.0,,
1440,active,2023-09-18,,,hampden,Battery,,,152.0,,
1441,withdrawn,2023-09-18,,,hampden,Battery,,,103.0,,
1443,withdrawn,2023-09-20,2023-11-20,,rockingham,Battery,,,203.0,,
1444,withdrawn,2023-09-21,,,norfolk,Battery,,,250.0,,
1445,withdrawn,2023-09-21,2023-12-15,,somerset,Solar,,,52.0,,
1446,active,2023-09-29,,,cumberland,Solar,,,51.0,,
1447,active,2023-09-29,,,androscoggin,Solar,,,5.0,,
1448,active,2023-09-29,,,oxford,Solar,,,2.0,,
1449,active,2023-09-29,,,franklin,Solar,,,13.0,,
1450,active,2023-09-29,,,oxford,Solar,,,1.6,,
1456,active,2023-10-02,,,waldo,Solar,,,3.9,,
1459,active,2023-10-02,,,lincoln,Solar,,,3.4,,
1451,active,2023-10-02,,,,Offshore Wind,,,1309.0,,
1453,active,2023-10-02,,,lincoln,Solar,,,2.9,,
1458,active,2023-10-02,,,lincoln,Solar,,,4.9,,
1455,active,2023-10-02,,,knox,Solar,,,2.0,,
1457,active,2023-10-02,,,lincoln,Solar,,,3.9,,
1454,active,2023-10-02,,,cumberland,Solar,,,17.0,,
1452,active,2023-10-05,,,worcester,Battery,,,151.0,,
1438,withdrawn,2023-10-10,2023-12-11,,york,Solar,,,16.0,,
1460,active,2023-10-11,,,bristol,Battery,,,716.0,,
1461,active,2023-10-18,,,rockingham,Oil,,,210.0,,
1462,active,2023-11-21,,,norfolk,Battery,,,115.0,,
1463,active,2023-11-22,,,plymouth,Solar,,,8.0,,
1466,active,2023-12-05,,,kennebec,Solar,,,23.0,,
1464,active,2023-12-05,,,caledonia,Wind,,,35.0,,
1465,active,2023-12-05,,,kennebec,Solar,Battery,,28.0,,
1468,active,2023-12-12,,,plymouth,Battery,,,76.0,,
1471,active,2023-12-12,,,new haven,Battery,,,135.0,,
1467,active,2023-12-12,,,worcester,Battery,,,69.0,,
1469,active,2023-12-12,,,worcester,Battery,,,190.0,,
1472,active,2023-12-12,,,providence,Battery,,,108.0,,
1470,active,2023-12-12,,,hartford,Battery,,,238.0,,
1475,active,2023-12-18,,,essex,Solar,Battery,,5.0,,
1474,active,2023-12-18,,,norfolk,Battery,,,10.0,,
1476,active,2023-12-18,,,middlesex,Battery,,,5.0,,
1477,active,2023-12-19,,,bristol,Battery,,,10.0,,
1478,active,2023-12-21,,,hampden,Battery,,,50.0,,
1484,active,2023-12-29,,,cumberland,Solar,Hydro,,7.2,,
1481,active,2023-12-29,,,cumberland,Solar,,,2.0,,
1479,active,2023-12-29,,,york,Solar,,,4.5,,
1480,active,2023-12-29,,,york,Solar,,,4.9,,
1483,active,2023-12-29,,,cumberland,Solar,,,5.0,,
1482,active,2023-12-29,,,cumberland,Solar,,,5.0,,
